date,stock_code,stock_name,market,open,high,low,close,volume
2022-03-11,00285,比亚迪电子,HK,18.44,17.4,18.5,18.26,16443659
2022-03-14,00285,比亚迪电子,HK,17.8,15.92,17.8,16.72,20814757
2022-03-15,00285,比亚迪电子,HK,16.64,15.72,18.0,16.16,17457435
2022-03-16,00285,比亚迪电子,HK,17.18,16.18,18.36,18.26,17403196
2022-03-17,00285,比亚迪电子,HK,19.5,18.76,19.82,19.36,12886643
2022-03-18,00285,比亚迪电子,HK,19.14,18.0,19.14,18.82,9255391
2022-03-21,00285,比亚迪电子,HK,19.6,18.5,19.66,18.62,6238388
2022-03-22,00285,比亚迪电子,HK,18.62,18.38,19.36,19.36,6252839
2022-03-23,00285,比亚迪电子,HK,19.36,18.8,20.0,19.02,12574604
2022-03-24,00285,比亚迪电子,HK,18.98,18.16,18.98,18.28,11275479
2022-03-25,00285,比亚迪电子,HK,18.36,16.74,18.76,16.92,19741650
2022-03-28,00285,比亚迪电子,HK,17.14,16.3,17.56,17.14,12007061
2022-03-29,00285,比亚迪电子,HK,17.5,16.86,17.64,17.1,10240917
2022-03-30,00285,比亚迪电子,HK,16.68,15.86,16.7,16.42,30655508
2022-03-31,00285,比亚迪电子,HK,16.42,15.32,16.66,15.8,16697582
2022-04-01,00285,比亚迪电子,HK,15.54,15.4,16.56,16.4,8777521
2022-04-04,00285,比亚迪电子,HK,16.5,16.48,17.48,17.42,8010900
2022-04-06,00285,比亚迪电子,HK,17.2,16.1,17.2,16.3,13814520
2022-04-07,00285,比亚迪电子,HK,16.16,15.86,16.68,15.88,9510745
2022-04-08,00285,比亚迪电子,HK,15.8,15.6,16.1,15.92,5087486
2022-04-11,00285,比亚迪电子,HK,15.92,14.92,15.92,15.0,9568590
2022-04-12,00285,比亚迪电子,HK,15.0,14.48,15.3,15.04,10507531
2022-04-13,00285,比亚迪电子,HK,15.1,14.82,15.24,14.92,5957467
2022-04-14,00285,比亚迪电子,HK,15.18,14.86,15.26,15.06,8342088
2022-04-19,00285,比亚迪电子,HK,14.68,14.52,15.16,14.66,7836758
2022-04-20,00285,比亚迪电子,HK,14.66,14.6,15.14,14.86,5303265
2022-04-21,00285,比亚迪电子,HK,14.8,14.28,14.98,14.4,5013530
2022-04-22,00285,比亚迪电子,HK,14.4,13.86,14.54,14.44,5832913
2022-04-25,00285,比亚迪电子,HK,13.68,13.4,14.44,13.64,7802510
2022-04-26,00285,比亚迪电子,HK,13.9,13.5,14.14,13.6,7114301
2022-04-27,00285,比亚迪电子,HK,13.6,13.46,15.3,15.22,21038715
2022-04-28,00285,比亚迪电子,HK,15.0,14.68,15.6,15.02,12280639
2022-04-29,00285,比亚迪电子,HK,15.12,14.9,16.24,16.06,16969328
2022-05-03,00285,比亚迪电子,HK,16.06,15.6,16.2,15.66,8311414
2022-05-04,00285,比亚迪电子,HK,15.52,15.22,15.7,15.64,3556241
2022-05-05,00285,比亚迪电子,HK,16.02,14.9,16.12,14.96,9522035
2022-05-06,00285,比亚迪电子,HK,14.76,13.86,14.76,13.98,9935035
2022-05-10,00285,比亚迪电子,HK,13.62,13.2,13.98,13.74,11385183
2022-05-11,00285,比亚迪电子,HK,14.02,13.7,14.74,14.3,10026086
2022-05-12,00285,比亚迪电子,HK,14.3,13.66,14.3,13.86,7795910
2022-05-13,00285,比亚迪电子,HK,14.0,14.0,14.94,14.8,9946316
2022-05-16,00285,比亚迪电子,HK,14.96,14.32,15.28,14.52,6989664
2022-05-17,00285,比亚迪电子,HK,14.52,14.52,16.0,15.84,15204500
2022-05-18,00285,比亚迪电子,HK,15.84,15.38,15.88,15.62,8295300
2022-05-19,00285,比亚迪电子,HK,15.0,14.82,15.38,15.32,7895910
2022-05-20,00285,比亚迪电子,HK,15.56,15.48,16.08,16.06,7942907
2022-05-23,00285,比亚迪电子,HK,16.14,15.6,16.14,15.82,4395522
2022-05-24,00285,比亚迪电子,HK,15.5,15.02,15.92,15.08,5019693
2022-05-25,00285,比亚迪电子,HK,15.08,14.98,15.52,15.36,5149873
2022-05-26,00285,比亚迪电子,HK,15.5,14.98,16.08,15.74,9291921
2022-05-27,00285,比亚迪电子,HK,16.06,15.74,16.72,16.02,9412640
2022-05-30,00285,比亚迪电子,HK,16.32,16.04,16.42,16.3,6223884
2022-05-31,00285,比亚迪电子,HK,16.3,16.08,17.46,17.42,17121030
2022-06-01,00285,比亚迪电子,HK,17.3,16.86,17.34,17.1,7582105
2022-06-02,00285,比亚迪电子,HK,16.84,16.82,17.34,17.26,5392288
2022-06-06,00285,比亚迪电子,HK,17.36,17.28,19.1,18.92,18121331
2022-06-07,00285,比亚迪电子,HK,18.52,18.0,18.88,18.24,12079709
2022-06-08,00285,比亚迪电子,HK,18.42,18.42,19.36,19.16,17202948
2022-06-09,00285,比亚迪电子,HK,19.4,18.26,20.15,18.38,16852049
2022-06-10,00285,比亚迪电子,HK,18.1,17.88,20.75,20.6,24175583
2022-06-13,00285,比亚迪电子,HK,19.84,19.58,22.2,19.64,52861762
2022-06-14,00285,比亚迪电子,HK,19.28,18.28,19.42,18.92,30216571
2022-06-15,00285,比亚迪电子,HK,19.26,19.0,20.3,19.4,19147455
2022-06-16,00285,比亚迪电子,HK,19.94,19.5,20.75,19.86,20364819
2022-06-17,00285,比亚迪电子,HK,19.8,19.3,20.4,19.42,17733085
2022-06-20,00285,比亚迪电子,HK,19.42,19.34,20.25,19.96,11922589
2022-06-21,00285,比亚迪电子,HK,20.0,19.68,20.95,20.55,11313693
2022-06-22,00285,比亚迪电子,HK,20.3,19.0,20.85,19.06,18411752
2022-06-23,00285,比亚迪电子,HK,19.44,19.2,19.98,19.76,13471801
2022-06-24,00285,比亚迪电子,HK,19.76,19.64,20.45,20.2,10400374
2022-06-27,00285,比亚迪电子,HK,20.3,20.3,24.3,23.2,48646498
2022-06-28,00285,比亚迪电子,HK,22.8,22.7,26.1,26.0,48253827
2022-06-29,00285,比亚迪电子,HK,25.3,24.75,26.7,25.45,30011945
2022-06-30,00285,比亚迪电子,HK,25.25,24.35,25.7,24.75,17488145
2022-07-04,00285,比亚迪电子,HK,24.75,24.05,25.2,24.4,10647410
2022-07-05,00285,比亚迪电子,HK,24.9,23.25,25.2,23.7,17198929
2022-07-06,00285,比亚迪电子,HK,23.25,22.65,24.35,23.25,18713128
2022-07-07,00285,比亚迪电子,HK,23.05,21.6,23.2,23.0,25931177
2022-07-08,00285,比亚迪电子,HK,23.55,22.6,23.65,22.95,10664907
2022-07-11,00285,比亚迪电子,HK,23.0,21.5,23.0,21.95,10286734
2022-07-12,00285,比亚迪电子,HK,21.9,20.55,22.65,21.15,19263921
2022-07-13,00285,比亚迪电子,HK,21.0,20.5,21.55,21.1,9506050
2022-07-14,00285,比亚迪电子,HK,21.1,21.05,23.0,22.4,19480871
2022-07-15,00285,比亚迪电子,HK,22.45,22.15,23.5,22.35,13378880
2022-07-18,00285,比亚迪电子,HK,22.7,21.1,23.05,22.95,10694972
2022-07-19,00285,比亚迪电子,HK,22.9,20.7,22.9,20.9,17501862
2022-07-20,00285,比亚迪电子,HK,21.5,20.8,21.6,21.2,8546457
2022-07-21,00285,比亚迪电子,HK,21.45,21.0,21.75,21.1,5104449
2022-07-22,00285,比亚迪电子,HK,21.45,20.0,21.45,20.6,9409278
2022-07-25,00285,比亚迪电子,HK,20.15,19.76,20.6,20.1,10241450
2022-07-26,00285,比亚迪电子,HK,20.05,19.84,20.5,20.35,7454567
2022-07-27,00285,比亚迪电子,HK,20.35,20.1,20.6,20.3,4978900
2022-07-28,00285,比亚迪电子,HK,20.65,20.5,22.05,21.45,13487018
2022-07-29,00285,比亚迪电子,HK,21.5,20.05,21.5,20.15,11209278
2022-08-01,00285,比亚迪电子,HK,20.15,19.44,21.1,20.7,8769532
2022-08-02,00285,比亚迪电子,HK,20.65,19.54,20.65,20.3,8093076
2022-08-03,00285,比亚迪电子,HK,20.5,19.92,20.95,20.0,6397481
2022-08-04,00285,比亚迪电子,HK,20.55,20.55,22.5,21.9,16708799
2022-08-05,00285,比亚迪电子,HK,22.45,21.8,22.5,22.2,7510543
2022-08-08,00285,比亚迪电子,HK,21.8,21.8,22.6,22.4,9225281
2022-08-09,00285,比亚迪电子,HK,22.4,21.4,22.55,21.9,6364299
2022-08-10,00285,比亚迪电子,HK,21.85,20.9,21.85,21.15,6250739
2022-08-11,00285,比亚迪电子,HK,21.75,21.25,21.9,21.8,7380625
2022-08-12,00285,比亚迪电子,HK,21.95,21.5,22.2,21.75,5076940
2022-08-15,00285,比亚迪电子,HK,22.0,21.55,22.5,21.65,5174767
2022-08-16,00285,比亚迪电子,HK,22.0,21.05,22.0,21.45,3879582
2022-08-17,00285,比亚迪电子,HK,21.45,20.9,22.25,21.85,7194000
2022-08-18,00285,比亚迪电子,HK,22.15,21.5,22.2,21.6,4614474
2022-08-19,00285,比亚迪电子,HK,21.3,21.2,21.8,21.4,2585446
2022-08-22,00285,比亚迪电子,HK,21.4,20.0,21.4,20.6,10234046
2022-08-23,00285,比亚迪电子,HK,20.6,20.05,20.6,20.35,4327003
2022-08-24,00285,比亚迪电子,HK,20.4,19.72,20.55,19.84,5310204
2022-08-25,00285,比亚迪电子,HK,19.9,19.86,20.65,20.6,4457138
2022-08-26,00285,比亚迪电子,HK,20.8,20.5,21.75,20.7,10875000
2022-08-29,00285,比亚迪电子,HK,20.4,20.0,20.5,20.3,4226691
2022-08-30,00285,比亚迪电子,HK,20.05,18.52,20.8,20.55,19934052
2022-08-31,00285,比亚迪电子,HK,19.98,19.5,20.95,20.9,15902222
2022-09-01,00285,比亚迪电子,HK,20.9,20.8,22.8,22.15,22121164
2022-09-02,00285,比亚迪电子,HK,22.05,21.55,22.5,21.85,13216000
2022-09-05,00285,比亚迪电子,HK,21.4,20.95,21.85,21.6,8566786
2022-09-06,00285,比亚迪电子,HK,21.5,21.4,22.7,22.6,9585027
2022-09-07,00285,比亚迪电子,HK,22.5,21.85,24.7,24.35,25950541
2022-09-08,00285,比亚迪电子,HK,24.7,23.75,25.0,23.95,12443733
2022-09-09,00285,比亚迪电子,HK,24.05,23.3,24.15,23.65,8662334
2022-09-13,00285,比亚迪电子,HK,24.2,23.8,26.2,25.15,23091191
2022-09-14,00285,比亚迪电子,HK,24.35,23.85,24.75,24.0,14457833
2022-09-15,00285,比亚迪电子,HK,24.0,23.3,24.55,24.0,10736753
2022-09-16,00285,比亚迪电子,HK,23.8,22.8,23.95,23.0,9772993
2022-09-19,00285,比亚迪电子,HK,23.1,22.15,23.5,22.7,8783775
2022-09-20,00285,比亚迪电子,HK,23.0,22.65,23.7,22.95,8815306
2022-09-21,00285,比亚迪电子,HK,22.7,21.85,22.75,22.25,8569214
2022-09-22,00285,比亚迪电子,HK,21.5,21.45,22.55,21.95,6354003
2022-09-23,00285,比亚迪电子,HK,22.3,21.0,22.3,21.3,6243798
2022-09-26,00285,比亚迪电子,HK,20.7,20.7,21.75,21.45,6966352
2022-09-27,00285,比亚迪电子,HK,21.7,20.4,21.9,20.9,10918755
2022-09-28,00285,比亚迪电子,HK,20.8,19.78,20.8,19.9,9765281
2022-09-29,00285,比亚迪电子,HK,20.6,18.98,20.6,19.24,6349000
2022-09-30,00285,比亚迪电子,HK,19.22,18.46,19.24,18.96,5425538
2022-10-03,00285,比亚迪电子,HK,19.3,18.5,19.3,18.76,2653302
2022-10-05,00285,比亚迪电子,HK,19.7,19.6,20.55,20.55,6956156
2022-10-06,00285,比亚迪电子,HK,20.55,19.6,20.55,19.92,3821184
2022-10-07,00285,比亚迪电子,HK,19.9,19.16,19.9,19.16,3636151
2022-10-10,00285,比亚迪电子,HK,19.0,16.9,19.0,17.06,15313054
2022-10-11,00285,比亚迪电子,HK,16.96,16.76,17.36,17.02,8082841
2022-10-12,00285,比亚迪电子,HK,17.02,16.54,18.14,17.64,14864516
2022-10-13,00285,比亚迪电子,HK,17.64,17.04,18.3,17.14,7761421
2022-10-14,00285,比亚迪电子,HK,17.8,17.42,18.34,17.82,10259122
2022-10-17,00285,比亚迪电子,HK,17.82,17.38,18.58,18.2,7248050
2022-10-18,00285,比亚迪电子,HK,18.72,18.6,20.3,20.15,14521294
2022-10-19,00285,比亚迪电子,HK,20.2,19.12,20.25,19.14,9053877
2022-10-20,00285,比亚迪电子,HK,18.6,18.5,20.4,20.05,14417537
2022-10-21,00285,比亚迪电子,HK,20.35,19.72,20.5,20.0,7991969
2022-10-24,00285,比亚迪电子,HK,19.36,18.66,20.35,18.92,11315333
2022-10-25,00285,比亚迪电子,HK,18.96,18.32,20.5,19.98,12419682
2022-10-26,00285,比亚迪电子,HK,19.98,19.88,21.3,21.1,13012631
2022-10-27,00285,比亚迪电子,HK,21.9,21.0,21.9,21.05,10891502
2022-10-28,00285,比亚迪电子,HK,21.3,19.92,21.3,20.1,9564743
2022-10-31,00285,比亚迪电子,HK,20.4,20.4,23.5,22.8,26490568
2022-11-01,00285,比亚迪电子,HK,22.75,22.65,24.15,23.8,20219171
2022-11-02,00285,比亚迪电子,HK,23.8,23.25,24.5,24.3,10426793
2022-11-03,00285,比亚迪电子,HK,23.5,22.8,25.1,23.0,17287574
2022-11-04,00285,比亚迪电子,HK,23.2,23.0,24.8,24.3,17704813
2022-11-07,00285,比亚迪电子,HK,24.0,23.4,25.1,24.8,12450399
2022-11-08,00285,比亚迪电子,HK,24.8,22.95,25.0,23.4,14217251
2022-11-09,00285,比亚迪电子,HK,24.15,22.45,24.5,22.75,14202403
2022-11-10,00285,比亚迪电子,HK,22.6,21.7,23.5,22.7,8935907
2022-11-11,00285,比亚迪电子,HK,24.4,23.4,24.75,24.55,15714669
2022-11-14,00285,比亚迪电子,HK,25.5,24.0,25.5,24.3,14746394
2022-11-15,00285,比亚迪电子,HK,24.45,23.3,25.1,24.7,15140100
2022-11-16,00285,比亚迪电子,HK,24.4,24.25,26.0,24.55,13177723
2022-11-17,00285,比亚迪电子,HK,24.5,23.0,24.5,23.8,11487838
2022-11-18,00285,比亚迪电子,HK,23.8,22.8,24.35,23.05,7320422
2022-11-21,00285,比亚迪电子,HK,23.05,22.05,23.05,22.5,4823046
2022-11-22,00285,比亚迪电子,HK,22.2,21.75,22.75,21.9,6048757
2022-11-23,00285,比亚迪电子,HK,21.9,21.55,22.45,21.95,4814389
2022-11-24,00285,比亚迪电子,HK,22.2,22.2,23.25,23.1,8166518
2022-11-25,00285,比亚迪电子,HK,23.1,22.65,23.8,23.05,5590127
2022-11-28,00285,比亚迪电子,HK,22.15,21.85,23.4,23.35,7104568
2022-11-29,00285,比亚迪电子,HK,23.3,23.3,24.6,24.55,10320000
2022-11-30,00285,比亚迪电子,HK,24.55,24.05,25.4,25.4,12382751
2022-12-01,00285,比亚迪电子,HK,26.0,24.6,26.4,25.15,13377635
2022-12-02,00285,比亚迪电子,HK,25.0,24.8,25.9,25.3,9404428
2022-12-05,00285,比亚迪电子,HK,25.7,25.3,26.2,26.05,12800798
2022-12-06,00285,比亚迪电子,HK,25.85,25.5,28.1,26.8,18215647
2022-12-07,00285,比亚迪电子,HK,27.4,24.95,27.4,25.05,12474633
2022-12-08,00285,比亚迪电子,HK,25.2,25.2,26.45,26.25,5407083
2022-12-09,00285,比亚迪电子,HK,26.25,26.25,27.45,27.25,8880596
2022-12-12,00285,比亚迪电子,HK,26.55,26.45,27.5,26.95,5915122
2022-12-13,00285,比亚迪电子,HK,26.9,26.55,27.85,27.1,5501378
2022-12-14,00285,比亚迪电子,HK,27.5,26.75,27.7,27.45,3776177
2022-12-15,00285,比亚迪电子,HK,27.0,26.2,27.4,26.3,5484264
2022-12-16,00285,比亚迪电子,HK,26.75,25.9,27.0,26.75,8993179
2022-12-19,00285,比亚迪电子,HK,26.95,26.45,27.15,26.85,4408149
2022-12-20,00285,比亚迪电子,HK,26.5,26.1,27.05,26.3,2836705
2022-12-21,00285,比亚迪电子,HK,26.4,26.2,26.85,26.55,2916409
2022-12-22,00285,比亚迪电子,HK,26.75,26.5,27.4,26.95,9237982
2022-12-23,00285,比亚迪电子,HK,26.95,24.0,26.95,24.15,22128660
2022-12-28,00285,比亚迪电子,HK,24.65,24.45,25.65,25.05,8516790
2022-12-29,00285,比亚迪电子,HK,24.95,24.4,25.05,24.75,3128283
2022-12-30,00285,比亚迪电子,HK,25.6,24.85,25.6,25.1,3087487
2023-01-03,00285,比亚迪电子,HK,25.0,24.3,25.6,25.6,3469825
2023-01-04,00285,比亚迪电子,HK,25.6,24.05,25.9,24.55,11605317
2023-01-05,00285,比亚迪电子,HK,24.85,24.55,25.45,24.85,6845515
2023-01-06,00285,比亚迪电子,HK,25.15,24.15,25.15,24.45,5267278
2023-01-09,00285,比亚迪电子,HK,24.5,24.4,25.15,24.65,5444298
2023-01-10,00285,比亚迪电子,HK,24.65,24.65,25.65,25.3,6359256
2023-01-11,00285,比亚迪电子,HK,25.45,24.8,25.75,25.05,4588365
2023-01-12,00285,比亚迪电子,HK,25.1,25.0,26.3,25.45,7536050
2023-01-13,00285,比亚迪电子,HK,25.5,25.05,25.8,25.65,3568636
2023-01-16,00285,比亚迪电子,HK,25.65,25.2,26.3,25.4,5422231
2023-01-17,00285,比亚迪电子,HK,25.45,25.1,26.2,25.3,5128940
2023-01-18,00285,比亚迪电子,HK,25.4,25.1,26.2,26.2,5353345
2023-01-19,00285,比亚迪电子,HK,26.2,25.6,26.2,26.0,1876332
2023-01-20,00285,比亚迪电子,HK,25.8,25.8,27.0,26.95,4465971
2023-01-26,00285,比亚迪电子,HK,26.95,26.95,28.35,28.2,5946876
2023-01-27,00285,比亚迪电子,HK,28.45,27.9,29.1,28.25,4105597
2023-01-30,00285,比亚迪电子,HK,28.0,27.05,28.2,27.15,8252302
2023-01-31,00285,比亚迪电子,HK,27.5,26.6,27.9,27.05,7578703
2023-02-01,00285,比亚迪电子,HK,27.4,26.9,28.15,28.15,7255788
2023-02-02,00285,比亚迪电子,HK,28.4,27.7,29.0,27.9,4878614
2023-02-03,00285,比亚迪电子,HK,27.8,27.4,28.2,27.65,3241254
2023-02-06,00285,比亚迪电子,HK,27.4,26.6,27.4,26.7,3113533
2023-02-07,00285,比亚迪电子,HK,27.0,26.85,27.7,26.95,3923454
2023-02-08,00285,比亚迪电子,HK,27.1,26.6,27.6,26.6,3018875
2023-02-09,00285,比亚迪电子,HK,26.5,26.2,28.3,28.05,5078979
2023-02-10,00285,比亚迪电子,HK,28.05,27.2,28.15,27.45,3636530
2023-02-13,00285,比亚迪电子,HK,27.6,26.3,27.6,26.6,5411806
2023-02-14,00285,比亚迪电子,HK,26.65,26.1,26.7,26.3,2829539
2023-02-15,00285,比亚迪电子,HK,27.0,26.0,27.0,26.15,3775222
2023-02-16,00285,比亚迪电子,HK,26.5,26.3,27.2,26.55,3989979
2023-02-17,00285,比亚迪电子,HK,26.55,25.8,26.8,26.1,4014222
2023-02-20,00285,比亚迪电子,HK,26.1,25.2,26.15,25.8,5214849
2023-02-21,00285,比亚迪电子,HK,25.9,25.2,26.15,25.35,2925495
2023-02-22,00285,比亚迪电子,HK,25.35,24.6,25.6,24.8,4178218
2023-02-23,00285,比亚迪电子,HK,24.8,24.4,25.6,25.15,5375564
2023-02-24,00285,比亚迪电子,HK,25.1,24.85,25.65,25.0,6448426
2023-02-27,00285,比亚迪电子,HK,24.5,22.8,24.6,23.25,12427100
2023-02-28,00285,比亚迪电子,HK,23.3,22.5,23.65,22.85,7948200
2023-03-01,00285,比亚迪电子,HK,23.1,22.8,24.8,24.5,8084376
2023-03-02,00285,比亚迪电子,HK,24.2,24.2,24.9,24.4,2922949
2023-03-03,00285,比亚迪电子,HK,24.9,24.15,24.9,24.4,3263506
2023-03-06,00285,比亚迪电子,HK,24.2,23.55,24.6,24.1,4116439
2023-03-07,00285,比亚迪电子,HK,24.1,23.8,24.7,24.2,5059011
2023-03-08,00285,比亚迪电子,HK,23.65,23.1,23.65,23.35,4375328
2023-03-09,00285,比亚迪电子,HK,23.35,22.8,23.6,22.85,4207874
2023-03-10,00285,比亚迪电子,HK,22.7,21.2,22.7,21.55,18309616
2023-03-13,00285,比亚迪电子,HK,21.95,21.1,22.0,21.4,10652474
2023-03-14,00285,比亚迪电子,HK,21.4,20.0,21.45,20.2,10517993
2023-03-15,00285,比亚迪电子,HK,20.6,20.35,21.25,20.75,6999593
2023-03-16,00285,比亚迪电子,HK,20.75,20.1,20.95,20.4,4833989
2023-03-17,00285,比亚迪电子,HK,20.5,20.5,21.7,21.6,7985095
2023-03-20,00285,比亚迪电子,HK,21.8,20.4,21.8,20.75,5857868
2023-03-21,00285,比亚迪电子,HK,21.0,20.3,21.55,21.45,4127503
2023-03-22,00285,比亚迪电子,HK,21.6,21.6,22.85,22.6,9281513
2023-03-23,00285,比亚迪电子,HK,22.6,22.4,23.5,23.4,6980831
2023-03-24,00285,比亚迪电子,HK,23.4,23.2,24.05,23.8,7495139
2023-03-27,00285,比亚迪电子,HK,23.85,22.75,23.85,22.9,4825494
2023-03-28,00285,比亚迪电子,HK,23.35,22.85,23.5,23.2,3902724
2023-03-29,00285,比亚迪电子,HK,23.6,22.3,23.75,22.5,9284410
2023-03-30,00285,比亚迪电子,HK,22.85,22.3,23.1,22.65,8793750
2023-03-31,00285,比亚迪电子,HK,22.95,22.95,25.2,24.4,17989726
2023-04-03,00285,比亚迪电子,HK,24.6,24.05,25.25,25.05,11854200
2023-04-04,00285,比亚迪电子,HK,25.4,24.0,25.4,24.35,8092365
2023-04-06,00285,比亚迪电子,HK,24.2,23.7,24.6,24.5,5838235
2023-04-11,00285,比亚迪电子,HK,24.9,23.95,25.05,24.35,5359835
2023-04-12,00285,比亚迪电子,HK,24.55,23.8,24.55,24.0,4778585
2023-04-13,00285,比亚迪电子,HK,24.0,23.0,24.0,23.65,5620825
2023-04-14,00285,比亚迪电子,HK,23.65,23.4,24.05,23.95,3111960
2023-04-17,00285,比亚迪电子,HK,23.8,23.55,24.0,23.75,3118234
2023-04-18,00285,比亚迪电子,HK,23.7,23.25,23.7,23.6,3225734
2023-04-19,00285,比亚迪电子,HK,23.5,23.05,23.65,23.1,2426613
2023-04-20,00285,比亚迪电子,HK,23.1,23.1,24.15,24.05,3569048
2023-04-21,00285,比亚迪电子,HK,24.05,22.55,24.2,22.8,4711376
2023-04-24,00285,比亚迪电子,HK,22.8,22.25,23.0,22.6,2596399
2023-04-25,00285,比亚迪电子,HK,22.5,21.45,22.5,21.65,5242226
2023-04-26,00285,比亚迪电子,HK,21.4,21.35,22.35,22.15,2617344
2023-04-27,00285,比亚迪电子,HK,21.8,21.8,22.6,22.5,2996377
2023-04-28,00285,比亚迪电子,HK,23.5,23.35,24.4,23.65,8970364
2023-05-02,00285,比亚迪电子,HK,24.2,23.05,24.2,23.25,3206077
2023-05-03,00285,比亚迪电子,HK,23.25,22.5,23.4,23.2,2405898
2023-05-04,00285,比亚迪电子,HK,23.6,22.75,23.6,23.1,2836443
2023-05-05,00285,比亚迪电子,HK,23.1,22.9,23.6,23.35,2488862
2023-05-08,00285,比亚迪电子,HK,23.5,22.9,23.9,23.6,5939128
2023-05-09,00285,比亚迪电子,HK,23.95,23.4,24.15,23.65,3672457
2023-05-10,00285,比亚迪电子,HK,23.9,23.4,24.5,24.3,3899759
2023-05-11,00285,比亚迪电子,HK,24.2,23.85,24.4,24.3,2673898
2023-05-12,00285,比亚迪电子,HK,24.4,23.75,24.9,23.9,5382599
2023-05-15,00285,比亚迪电子,HK,24.0,22.7,24.0,23.6,4051069
2023-05-16,00285,比亚迪电子,HK,23.6,23.5,24.2,23.8,1643268
2023-05-17,00285,比亚迪电子,HK,24.0,23.3,24.2,23.35,2003334
2023-05-18,00285,比亚迪电子,HK,23.8,23.6,24.35,23.9,3295988
2023-05-19,00285,比亚迪电子,HK,24.0,23.6,24.4,24.0,3763486
2023-05-22,00285,比亚迪电子,HK,24.2,23.7,24.3,23.7,1410219
2023-05-23,00285,比亚迪电子,HK,23.5,23.0,23.95,23.2,3741954
2023-05-24,00285,比亚迪电子,HK,23.1,22.5,23.2,22.7,3528955
2023-05-25,00285,比亚迪电子,HK,22.7,21.9,22.85,22.2,3270255
2023-05-29,00285,比亚迪电子,HK,22.9,22.35,23.25,22.8,3529499
2023-05-30,00285,比亚迪电子,HK,22.8,22.75,23.35,23.0,2686361
2023-05-31,00285,比亚迪电子,HK,23.0,22.25,23.0,22.8,10328426
2023-06-01,00285,比亚迪电子,HK,22.8,22.8,23.6,23.15,3788203
2023-06-02,00285,比亚迪电子,HK,23.25,23.15,24.35,24.15,8341756
2023-06-05,00285,比亚迪电子,HK,24.15,23.9,24.4,24.15,3881499
2023-06-06,00285,比亚迪电子,HK,24.0,23.45,24.45,23.7,3578707
2023-06-07,00285,比亚迪电子,HK,23.7,23.7,24.3,24.15,4306811
2023-06-08,00285,比亚迪电子,HK,24.05,23.3,24.05,23.45,3474501
2023-06-09,00285,比亚迪电子,HK,23.7,23.5,24.2,23.9,2585467
2023-06-12,00285,比亚迪电子,HK,24.0,23.95,24.3,24.15,2826238
2023-06-13,00285,比亚迪电子,HK,24.05,24.0,25.95,25.7,9693445
2023-06-14,00285,比亚迪电子,HK,25.65,24.8,25.7,25.0,5274356
2023-06-15,00285,比亚迪电子,HK,25.45,24.85,25.45,25.15,4895866
2023-06-16,00285,比亚迪电子,HK,25.15,24.25,25.25,24.75,10590076
2023-06-19,00285,比亚迪电子,HK,24.75,24.0,24.75,24.45,3976056
2023-06-20,00285,比亚迪电子,HK,24.05,23.7,24.4,24.3,3079349
2023-06-21,00285,比亚迪电子,HK,23.85,23.2,24.1,23.3,3620110
2023-06-23,00285,比亚迪电子,HK,24.0,22.5,24.0,22.7,2359028
2023-06-26,00285,比亚迪电子,HK,22.7,22.7,23.25,23.05,3108000
2023-06-27,00285,比亚迪电子,HK,22.95,22.95,23.95,23.8,4106609
2023-06-28,00285,比亚迪电子,HK,24.0,23.65,24.15,24.0,3207325
2023-06-29,00285,比亚迪电子,HK,24.0,23.65,24.2,23.8,2165786
2023-06-30,00285,比亚迪电子,HK,24.1,23.4,24.1,23.7,2718500
2023-07-03,00285,比亚迪电子,HK,23.7,23.6,24.7,24.55,3883921
2023-07-04,00285,比亚迪电子,HK,24.6,24.55,25.7,25.1,7947407
2023-07-05,00285,比亚迪电子,HK,25.0,23.95,25.0,24.2,3485270
2023-07-06,00285,比亚迪电子,HK,24.05,23.8,25.2,24.75,5504566
2023-07-07,00285,比亚迪电子,HK,24.9,24.1,25.0,24.6,3722759
2023-07-10,00285,比亚迪电子,HK,25.0,24.6,25.25,25.0,4003314
2023-07-11,00285,比亚迪电子,HK,25.0,24.65,25.2,24.85,4601041
2023-07-12,00285,比亚迪电子,HK,24.85,24.7,25.4,24.9,3495313
2023-07-13,00285,比亚迪电子,HK,25.3,24.9,25.35,25.25,2950287
2023-07-14,00285,比亚迪电子,HK,25.35,24.95,25.55,25.35,4139569
2023-07-17,00285,比亚迪电子,HK,25.35,25.35,25.35,25.35,0
2023-07-18,00285,比亚迪电子,HK,26.6,26.3,27.3,26.9,16935465
2023-07-19,00285,比亚迪电子,HK,27.0,26.9,27.85,27.75,13475674
2023-07-20,00285,比亚迪电子,HK,27.95,27.4,28.65,27.7,8153418
2023-07-21,00285,比亚迪电子,HK,27.95,26.85,27.95,27.15,7430166
2023-07-24,00285,比亚迪电子,HK,27.5,26.75,27.55,27.45,4615657
2023-07-25,00285,比亚迪电子,HK,28.4,27.55,28.6,28.1,6986769
2023-07-26,00285,比亚迪电子,HK,28.0,27.7,28.85,28.6,6595158
2023-07-27,00285,比亚迪电子,HK,28.9,28.25,29.85,29.15,10742280
2023-07-28,00285,比亚迪电子,HK,28.95,28.7,30.4,30.0,9481407
2023-07-31,00285,比亚迪电子,HK,30.5,29.5,31.0,29.9,7812468
2023-08-01,00285,比亚迪电子,HK,30.3,29.65,30.8,30.55,5375593
2023-08-02,00285,比亚迪电子,HK,30.5,29.5,30.6,29.75,5246010
2023-08-03,00285,比亚迪电子,HK,30.25,29.2,30.25,30.0,3464642
2023-08-04,00285,比亚迪电子,HK,30.0,29.85,30.6,30.3,3065800
2023-08-07,00285,比亚迪电子,HK,30.5,29.95,30.7,30.35,2815566
2023-08-08,00285,比亚迪电子,HK,30.4,29.85,30.65,30.1,3933054
2023-08-09,00285,比亚迪电子,HK,30.1,29.75,30.5,30.05,2586843
2023-08-10,00285,比亚迪电子,HK,30.05,28.95,30.05,29.65,5748065
2023-08-11,00285,比亚迪电子,HK,29.25,28.55,29.45,29.1,5323148
2023-08-14,00285,比亚迪电子,HK,28.55,27.15,29.1,29.05,8932297
2023-08-15,00285,比亚迪电子,HK,29.1,28.5,29.25,28.9,3569061
2023-08-16,00285,比亚迪电子,HK,29.05,28.55,29.15,28.7,2404157
2023-08-17,00285,比亚迪电子,HK,28.2,27.9,30.1,29.75,5985885
2023-08-18,00285,比亚迪电子,HK,29.4,29.4,30.45,29.55,5527721
2023-08-21,00285,比亚迪电子,HK,29.2,28.8,30.95,30.3,11531154
2023-08-22,00285,比亚迪电子,HK,30.25,30.25,32.4,32.3,13079948
2023-08-23,00285,比亚迪电子,HK,32.95,31.75,32.95,32.3,11055117
2023-08-24,00285,比亚迪电子,HK,32.4,32.35,32.9,32.9,6601539
2023-08-25,00285,比亚迪电子,HK,32.95,32.4,33.2,32.85,5970944
2023-08-28,00285,比亚迪电子,HK,33.6,29.8,33.85,32.85,17027861
2023-08-29,00285,比亚迪电子,HK,33.3,31.3,33.55,32.6,16544014
2023-08-30,00285,比亚迪电子,HK,32.9,32.85,36.8,35.4,25843175
2023-08-31,00285,比亚迪电子,HK,36.0,36.0,37.5,36.35,14146219
2023-09-01,00285,比亚迪电子,HK,36.35,36.35,36.35,36.35,0
2023-09-04,00285,比亚迪电子,HK,37.55,36.95,38.25,37.5,12580131
2023-09-05,00285,比亚迪电子,HK,37.5,36.75,38.0,37.2,7563760
2023-09-06,00285,比亚迪电子,HK,37.15,36.85,38.15,37.4,8288768
2023-09-07,00285,比亚迪电子,HK,38.0,36.35,38.0,37.25,6293346
2023-09-08,00285,比亚迪电子,HK,37.25,37.25,37.25,37.25,0
2023-09-11,00285,比亚迪电子,HK,37.25,36.1,37.25,36.6,6552431
2023-09-12,00285,比亚迪电子,HK,36.35,35.65,36.55,36.0,6223039
2023-09-13,00285,比亚迪电子,HK,36.2,36.1,36.85,36.85,5965195
2023-09-14,00285,比亚迪电子,HK,36.85,36.1,37.1,36.75,4948135
2023-09-15,00285,比亚迪电子,HK,37.25,36.55,37.8,37.2,5530139
2023-09-18,00285,比亚迪电子,HK,37.6,35.9,37.6,36.3,4592293
2023-09-19,00285,比亚迪电子,HK,36.3,35.95,36.7,36.55,3458174
2023-09-20,00285,比亚迪电子,HK,36.15,35.9,36.8,36.65,4285499
2023-09-21,00285,比亚迪电子,HK,36.25,35.25,36.65,35.7,4346303
2023-09-22,00285,比亚迪电子,HK,35.2,35.2,36.6,36.5,3296289
2023-09-25,00285,比亚迪电子,HK,36.8,35.95,36.85,36.55,1946169
2023-09-26,00285,比亚迪电子,HK,36.5,34.75,36.6,35.1,4863896
2023-09-27,00285,比亚迪电子,HK,35.0,33.7,35.15,34.95,6274445
2023-09-28,00285,比亚迪电子,HK,34.55,34.55,35.7,35.35,3290306
2023-09-29,00285,比亚迪电子,HK,35.2,35.2,36.0,35.7,2900024
2023-10-03,00285,比亚迪电子,HK,36.0,35.15,36.05,36.0,2145512
2023-10-04,00285,比亚迪电子,HK,36.05,35.15,36.05,35.6,1983993
2023-10-05,00285,比亚迪电子,HK,35.5,35.2,36.05,35.25,1342934
2023-10-06,00285,比亚迪电子,HK,35.9,35.45,36.5,36.3,2007520
2023-10-09,00285,比亚迪电子,HK,36.3,36.2,39.15,37.7,6872629
2023-10-10,00285,比亚迪电子,HK,37.75,37.75,39.0,38.45,7208896
2023-10-11,00285,比亚迪电子,HK,38.9,38.15,39.1,38.7,6816947
2023-10-12,00285,比亚迪电子,HK,38.9,38.9,40.3,39.75,8698889
2023-10-13,00285,比亚迪电子,HK,39.45,39.2,40.4,39.95,6809788
2023-10-16,00285,比亚迪电子,HK,39.9,38.4,39.9,38.75,7965936
2023-10-17,00285,比亚迪电子,HK,39.45,37.95,39.45,38.4,5093294
2023-10-18,00285,比亚迪电子,HK,39.65,38.75,40.3,39.3,8313487
2023-10-19,00285,比亚迪电子,HK,38.8,37.25,39.0,37.65,8560685
2023-10-20,00285,比亚迪电子,HK,37.05,35.6,37.35,35.65,8664571
2023-10-24,00285,比亚迪电子,HK,35.5,35.2,36.3,35.9,5908342
2023-10-25,00285,比亚迪电子,HK,37.0,35.3,37.65,36.2,6379151
2023-10-26,00285,比亚迪电子,HK,36.35,35.5,36.45,35.65,3867659
2023-10-27,00285,比亚迪电子,HK,36.0,35.5,36.45,35.8,3913965
2023-10-30,00285,比亚迪电子,HK,35.6,35.45,36.4,36.3,4363388
2023-10-31,00285,比亚迪电子,HK,36.3,32.2,36.45,32.6,15908896
2023-11-01,00285,比亚迪电子,HK,33.15,31.95,33.65,32.35,8277379
2023-11-02,00285,比亚迪电子,HK,32.75,32.75,34.15,33.95,8645612
2023-11-03,00285,比亚迪电子,HK,34.0,34.0,36.4,35.95,10960371
2023-11-06,00285,比亚迪电子,HK,36.1,36.1,37.35,36.4,7870580
2023-11-07,00285,比亚迪电子,HK,36.4,35.2,36.5,35.4,5138985
2023-11-08,00285,比亚迪电子,HK,35.9,35.1,36.4,35.75,4862699
2023-11-09,00285,比亚迪电子,HK,36.0,35.05,36.2,35.45,3165858
2023-11-10,00285,比亚迪电子,HK,35.0,34.65,35.6,34.9,2949069
2023-11-13,00285,比亚迪电子,HK,34.9,34.9,37.45,37.2,7750958
2023-11-14,00285,比亚迪电子,HK,37.45,36.95,38.95,37.05,6668020
2023-11-15,00285,比亚迪电子,HK,37.55,37.55,38.55,38.1,8584277
2023-11-16,00285,比亚迪电子,HK,38.5,36.55,38.5,37.7,4842632
2023-11-17,00285,比亚迪电子,HK,37.7,37.4,38.9,38.5,7784767
2023-11-20,00285,比亚迪电子,HK,38.5,37.35,38.5,37.8,4652313
2023-11-21,00285,比亚迪电子,HK,38.45,36.9,38.6,36.95,4725686
2023-11-22,00285,比亚迪电子,HK,37.05,35.85,37.05,36.3,3385510
2023-11-23,00285,比亚迪电子,HK,36.45,36.1,37.6,37.6,3737235
2023-11-24,00285,比亚迪电子,HK,37.6,36.6,37.6,36.75,2335611
2023-11-27,00285,比亚迪电子,HK,36.5,36.25,37.05,36.55,4730493
2023-11-28,00285,比亚迪电子,HK,36.6,35.85,37.2,36.9,6214439
2023-11-29,00285,比亚迪电子,HK,36.9,34.9,36.9,35.25,6794876
2023-11-30,00285,比亚迪电子,HK,35.7,34.55,36.0,35.65,7897542
2023-12-01,00285,比亚迪电子,HK,35.55,33.5,35.55,33.75,9754416
2023-12-04,00285,比亚迪电子,HK,33.75,32.45,33.75,32.85,6153374
2023-12-05,00285,比亚迪电子,HK,33.3,31.7,33.3,32.2,5125016
2023-12-06,00285,比亚迪电子,HK,32.2,31.85,32.85,32.7,5124791
2023-12-07,00285,比亚迪电子,HK,32.6,31.8,32.7,32.3,3019332
2023-12-08,00285,比亚迪电子,HK,32.7,31.05,32.7,31.35,6463551
2023-12-11,00285,比亚迪电子,HK,32.2,30.75,32.2,31.25,5426982
2023-12-12,00285,比亚迪电子,HK,31.3,30.8,32.3,32.0,5719413
2023-12-13,00285,比亚迪电子,HK,32.35,31.75,32.8,32.5,6174148
2023-12-14,00285,比亚迪电子,HK,32.8,32.8,34.2,33.65,10439258
2023-12-15,00285,比亚迪电子,HK,34.0,33.65,35.1,33.8,9809852
2023-12-18,00285,比亚迪电子,HK,33.8,32.4,33.85,32.7,4848411
2023-12-19,00285,比亚迪电子,HK,32.2,32.0,33.0,32.8,2741477
2023-12-20,00285,比亚迪电子,HK,33.1,32.5,33.6,32.85,2737859
2023-12-21,00285,比亚迪电子,HK,32.7,32.3,33.55,33.3,2828692
2023-12-22,00285,比亚迪电子,HK,33.3,33.1,34.45,34.0,4196034
2023-12-27,00285,比亚迪电子,HK,34.1,33.6,34.9,34.7,3425656
2023-12-28,00285,比亚迪电子,HK,34.7,34.65,36.3,35.65,4880884
2023-12-29,00285,比亚迪电子,HK,35.8,35.15,37.05,36.6,4019349
2024-01-02,00285,比亚迪电子,HK,37.35,35.25,37.35,35.85,3802905
2024-01-03,00285,比亚迪电子,HK,35.7,34.75,35.7,35.3,3299429
2024-01-04,00285,比亚迪电子,HK,35.8,34.8,35.8,35.5,2623190
2024-01-05,00285,比亚迪电子,HK,35.2,34.6,35.45,34.75,3276222
2024-01-08,00285,比亚迪电子,HK,34.75,33.65,35.1,34.15,2918207
2024-01-09,00285,比亚迪电子,HK,34.45,34.15,34.9,34.25,1795390
2024-01-10,00285,比亚迪电子,HK,34.25,34.05,35.35,34.5,2170350
2024-01-11,00285,比亚迪电子,HK,34.65,34.2,35.2,34.9,3137331
2024-01-12,00285,比亚迪电子,HK,35.1,34.7,35.4,34.95,1715989
2024-01-15,00285,比亚迪电子,HK,34.95,31.6,35.5,32.2,8932461
2024-01-16,00285,比亚迪电子,HK,32.25,32.1,33.25,32.4,3778052
2024-01-17,00285,比亚迪电子,HK,31.1,30.35,32.2,30.75,6262258
2024-01-18,00285,比亚迪电子,HK,30.5,30.0,31.1,31.0,3902582
2024-01-19,00285,比亚迪电子,HK,31.0,30.3,31.45,30.45,3135403
2024-01-22,00285,比亚迪电子,HK,30.4,28.15,30.9,28.65,9167601
2024-01-23,00285,比亚迪电子,HK,28.5,28.1,29.75,29.55,5373183
2024-01-24,00285,比亚迪电子,HK,29.55,29.1,30.3,30.1,3085683
2024-01-25,00285,比亚迪电子,HK,30.1,29.1,30.35,30.25,3815868
2024-01-26,00285,比亚迪电子,HK,30.1,27.55,30.3,27.9,7124505
2024-01-29,00285,比亚迪电子,HK,27.5,27.5,29.15,29.05,5499660
2024-01-30,00285,比亚迪电子,HK,28.55,27.25,28.95,27.7,6390839
2024-01-31,00285,比亚迪电子,HK,27.85,26.45,28.0,26.75,6495795
2024-02-01,00285,比亚迪电子,HK,26.7,26.45,27.95,27.3,4111418
2024-02-02,00285,比亚迪电子,HK,27.7,26.65,28.35,26.85,3053546
2024-02-05,00285,比亚迪电子,HK,26.55,26.1,27.0,26.35,3449799
2024-02-06,00285,比亚迪电子,HK,26.35,26.35,28.7,28.5,6884114
2024-02-07,00285,比亚迪电子,HK,28.9,28.25,29.5,28.5,4913771
2024-02-08,00285,比亚迪电子,HK,28.6,28.45,29.35,28.9,2422973
2024-02-09,00285,比亚迪电子,HK,28.9,28.1,28.9,28.7,565210
2024-02-14,00285,比亚迪电子,HK,28.0,27.9,29.2,29.0,1459481
2024-02-15,00285,比亚迪电子,HK,29.3,28.4,29.5,29.35,1536960
2024-02-16,00285,比亚迪电子,HK,29.45,29.45,31.25,30.9,4158647
2024-02-19,00285,比亚迪电子,HK,30.9,29.0,30.9,29.5,5006181
2024-02-20,00285,比亚迪电子,HK,29.65,28.65,29.75,29.1,3232752
2024-02-21,00285,比亚迪电子,HK,29.15,28.25,30.45,29.8,3962052
2024-02-22,00285,比亚迪电子,HK,29.7,29.5,30.45,30.0,2446200
2024-02-23,00285,比亚迪电子,HK,29.9,28.3,30.15,28.85,6746976
2024-02-26,00285,比亚迪电子,HK,28.9,28.75,29.9,29.7,4080034
2024-02-27,00285,比亚迪电子,HK,29.65,28.75,30.0,29.85,2780232
2024-02-28,00285,比亚迪电子,HK,29.85,28.6,30.25,28.7,4649396
2024-02-29,00285,比亚迪电子,HK,28.75,28.6,29.95,29.6,5970310
2024-03-01,00285,比亚迪电子,HK,29.2,29.2,31.3,30.9,7420194
2024-03-04,00285,比亚迪电子,HK,31.0,30.8,32.35,31.0,8210230
2024-03-05,00285,比亚迪电子,HK,30.55,29.5,30.75,30.0,5513511
2024-03-06,00285,比亚迪电子,HK,30.0,28.6,30.0,29.65,6518978
2024-03-07,00285,比亚迪电子,HK,29.5,28.25,30.1,28.65,4456957
2024-03-08,00285,比亚迪电子,HK,28.7,28.7,29.95,29.75,3470519
2024-03-11,00285,比亚迪电子,HK,29.75,29.25,30.25,30.0,3983729
2024-03-12,00285,比亚迪电子,HK,30.2,29.6,30.95,30.75,4881621
2024-03-13,00285,比亚迪电子,HK,30.8,30.8,32.75,31.75,8327683
2024-03-14,00285,比亚迪电子,HK,31.7,30.05,32.3,30.3,6186667
2024-03-15,00285,比亚迪电子,HK,30.1,29.0,30.1,29.5,6275745
2024-03-18,00285,比亚迪电子,HK,29.6,29.35,30.65,30.45,4614480
2024-03-19,00285,比亚迪电子,HK,30.5,29.35,30.5,29.5,4386009
2024-03-20,00285,比亚迪电子,HK,29.55,29.0,29.85,29.55,3410254
2024-03-21,00285,比亚迪电子,HK,30.35,29.9,30.9,30.6,6941235
2024-03-22,00285,比亚迪电子,HK,30.85,30.1,31.25,30.7,4578850
2024-03-25,00285,比亚迪电子,HK,30.7,29.35,30.8,29.5,5597051
2024-03-26,00285,比亚迪电子,HK,29.6,27.7,29.85,28.35,10014552
2024-03-27,00285,比亚迪电子,HK,28.4,28.05,29.55,28.7,7947464
2024-03-28,00285,比亚迪电子,HK,28.7,28.0,29.1,28.85,6723293
2024-04-02,00285,比亚迪电子,HK,29.5,28.45,29.95,28.85,7430505
2024-04-03,00285,比亚迪电子,HK,28.95,27.4,28.95,27.55,7190069
2024-04-05,00285,比亚迪电子,HK,27.4,26.8,27.65,27.0,2643190
2024-04-08,00285,比亚迪电子,HK,27.0,26.5,27.4,26.7,6311024
2024-04-09,00285,比亚迪电子,HK,26.65,26.25,27.1,26.8,6325389
2024-04-10,00285,比亚迪电子,HK,27.05,26.9,28.1,27.95,7907108
2024-04-11,00285,比亚迪电子,HK,27.5,27.2,27.9,27.55,4237312
2024-04-12,00285,比亚迪电子,HK,27.8,26.7,27.9,26.8,4731703
2024-04-15,00285,比亚迪电子,HK,26.25,25.6,26.4,25.75,7649894
2024-04-16,00285,比亚迪电子,HK,25.75,24.6,25.75,24.75,7644800
2024-04-17,00285,比亚迪电子,HK,24.6,24.4,25.25,24.7,4126786
2024-04-18,00285,比亚迪电子,HK,24.7,24.45,25.35,24.65,4771380
2024-04-19,00285,比亚迪电子,HK,24.3,23.2,24.3,23.6,11002661
2024-04-22,00285,比亚迪电子,HK,23.8,23.3,24.05,23.75,7651862
2024-04-23,00285,比亚迪电子,HK,24.0,23.75,24.4,24.05,3956793
2024-04-24,00285,比亚迪电子,HK,24.45,24.05,24.6,24.35,3987934
2024-04-25,00285,比亚迪电子,HK,24.2,24.0,24.8,24.3,3447150
2024-04-26,00285,比亚迪电子,HK,24.3,24.3,25.45,25.05,6686208
2024-04-29,00285,比亚迪电子,HK,25.6,25.6,27.35,26.8,14498927
2024-04-30,00285,比亚迪电子,HK,27.0,26.1,27.85,26.6,8992700
2024-05-02,00285,比亚迪电子,HK,26.55,25.65,27.35,27.1,5063489
2024-05-03,00285,比亚迪电子,HK,27.9,27.2,28.6,27.6,6864836
2024-05-06,00285,比亚迪电子,HK,27.7,27.7,29.0,28.7,12742130
2024-05-07,00285,比亚迪电子,HK,29.0,28.7,30.4,29.7,16221455
2024-05-08,00285,比亚迪电子,HK,29.9,28.8,30.95,29.3,23121291
2024-05-09,00285,比亚迪电子,HK,29.6,29.5,32.2,32.0,23328055
2024-05-10,00285,比亚迪电子,HK,31.95,31.2,33.5,33.1,20257563
2024-05-13,00285,比亚迪电子,HK,33.1,32.6,35.5,34.9,18884856
2024-05-14,00285,比亚迪电子,HK,34.95,33.25,35.7,33.85,18030152
2024-05-16,00285,比亚迪电子,HK,33.85,33.0,34.6,33.85,13866146
2024-05-17,00285,比亚迪电子,HK,33.75,33.05,34.35,33.8,9600236
2024-05-20,00285,比亚迪电子,HK,34.85,34.15,35.9,34.35,13724236
2024-05-21,00285,比亚迪电子,HK,34.1,33.1,34.7,33.45,10367023
2024-05-22,00285,比亚迪电子,HK,33.3,33.3,34.85,34.05,9335278
2024-05-23,00285,比亚迪电子,HK,33.8,32.3,34.0,32.9,10337722
2024-05-24,00285,比亚迪电子,HK,32.65,32.6,34.0,33.0,8910608
2024-05-27,00285,比亚迪电子,HK,32.95,32.45,34.05,34.0,6425847
2024-05-28,00285,比亚迪电子,HK,33.95,33.8,35.8,34.75,10303900
2024-05-29,00285,比亚迪电子,HK,34.5,34.05,35.2,34.2,6260661
2024-05-30,00285,比亚迪电子,HK,34.05,33.75,35.2,34.75,8357944
2024-05-31,00285,比亚迪电子,HK,34.75,33.8,35.0,33.8,7382345
2024-06-03,00285,比亚迪电子,HK,34.55,34.5,37.3,36.25,16242952
2024-06-04,00285,比亚迪电子,HK,36.3,36.05,37.15,36.55,8662723
2024-06-05,00285,比亚迪电子,HK,36.7,36.4,37.95,36.75,8802170
2024-06-06,00285,比亚迪电子,HK,36.95,36.45,38.25,37.55,12678071
2024-06-07,00285,比亚迪电子,HK,37.7,35.4,37.95,35.55,24589117
2024-06-11,00285,比亚迪电子,HK,34.85,33.4,35.15,34.75,20221284
2024-06-12,00285,比亚迪电子,HK,34.8,34.8,37.45,36.1,12605842
2024-06-13,00285,比亚迪电子,HK,36.8,36.7,38.0,37.5,9449528
2024-06-14,00285,比亚迪电子,HK,37.2,36.3,37.95,37.2,7844726
2024-06-17,00285,比亚迪电子,HK,37.5,37.2,40.1,39.55,21673822
2024-06-18,00285,比亚迪电子,HK,39.65,39.4,41.05,39.75,13000439
2024-06-19,00285,比亚迪电子,HK,40.0,39.2,40.55,40.0,11045138
2024-06-20,00285,比亚迪电子,HK,40.0,38.85,40.2,39.5,6137692
2024-06-21,00285,比亚迪电子,HK,38.8,38.2,39.75,38.9,7334767
2024-06-24,00285,比亚迪电子,HK,38.9,37.5,38.9,38.45,8015644
2024-06-25,00285,比亚迪电子,HK,38.55,36.7,38.55,37.45,11154008
2024-06-26,00285,比亚迪电子,HK,37.5,36.95,38.35,37.85,8514646
2024-06-27,00285,比亚迪电子,HK,37.75,36.75,39.35,37.75,11640950
2024-06-28,00285,比亚迪电子,HK,37.6,37.35,39.45,39.0,12467497
2024-07-02,00285,比亚迪电子,HK,38.45,37.55,39.8,37.6,9696501
2024-07-03,00285,比亚迪电子,HK,38.0,36.6,39.35,37.35,11950062
2024-07-04,00285,比亚迪电子,HK,37.35,37.15,38.1,37.35,6287484
2024-07-05,00285,比亚迪电子,HK,37.3,35.55,37.3,36.5,10945600
2024-07-08,00285,比亚迪电子,HK,36.5,34.1,36.6,34.5,15162581
2024-07-09,00285,比亚迪电子,HK,34.8,34.2,37.1,36.7,17857758
2024-07-10,00285,比亚迪电子,HK,36.7,35.9,37.8,36.4,10162970
2024-07-11,00285,比亚迪电子,HK,37.0,36.4,37.75,37.15,11302427
2024-07-12,00285,比亚迪电子,HK,36.95,35.7,37.45,36.9,10503686
2024-07-15,00285,比亚迪电子,HK,37.0,36.0,37.0,36.2,6671734
2024-07-16,00285,比亚迪电子,HK,36.0,35.5,38.0,37.65,10904232
2024-07-17,00285,比亚迪电子,HK,37.8,34.9,37.85,35.05,16214299
2024-07-18,00285,比亚迪电子,HK,34.85,33.95,34.9,34.45,11251161
2024-07-19,00285,比亚迪电子,HK,34.3,33.55,34.7,33.7,6910488
2024-07-22,00285,比亚迪电子,HK,34.0,33.05,34.35,33.75,6600800
2024-07-23,00285,比亚迪电子,HK,34.2,31.35,34.2,32.15,11905313
2024-07-24,00285,比亚迪电子,HK,32.15,31.2,32.55,31.6,7724932
2024-07-25,00285,比亚迪电子,HK,31.5,30.45,31.5,30.55,8977046
2024-07-26,00285,比亚迪电子,HK,30.55,30.25,31.25,30.75,5531900
2024-07-29,00285,比亚迪电子,HK,30.9,30.25,31.3,30.5,5946615
2024-07-30,00285,比亚迪电子,HK,30.5,29.35,30.5,29.65,8685864
2024-07-31,00285,比亚迪电子,HK,29.55,29.45,30.5,30.4,6944236
2024-08-01,00285,比亚迪电子,HK,30.5,30.15,31.1,30.3,8139540
2024-08-02,00285,比亚迪电子,HK,29.6,29.0,29.9,29.3,6347639
2024-08-05,00285,比亚迪电子,HK,28.9,26.95,29.15,27.7,12712977
2024-08-06,00285,比亚迪电子,HK,28.2,27.25,29.05,27.65,7411038
2024-08-07,00285,比亚迪电子,HK,27.8,27.65,28.8,28.3,6526682
2024-08-08,00285,比亚迪电子,HK,28.3,27.5,29.0,28.3,6605885
2024-08-09,00285,比亚迪电子,HK,28.8,28.75,29.75,29.15,8539799
2024-08-12,00285,比亚迪电子,HK,29.3,28.95,29.9,29.15,4850517
2024-08-13,00285,比亚迪电子,HK,29.15,29.0,29.7,29.35,3475942
2024-08-14,00285,比亚迪电子,HK,29.8,29.0,29.8,29.15,3998577
2024-08-15,00285,比亚迪电子,HK,29.0,28.6,29.9,29.45,5127915
2024-08-16,00285,比亚迪电子,HK,29.55,29.5,30.25,29.9,5662645
2024-08-19,00285,比亚迪电子,HK,29.85,29.75,30.75,30.1,7239095
2024-08-20,00285,比亚迪电子,HK,30.2,29.45,30.55,29.7,3700611
2024-08-21,00285,比亚迪电子,HK,29.2,29.15,30.55,29.95,4628625
2024-08-22,00285,比亚迪电子,HK,30.2,29.4,30.3,30.3,4528260
2024-08-23,00285,比亚迪电子,HK,29.8,29.8,30.55,30.15,5363930
2024-08-26,00285,比亚迪电子,HK,30.05,30.05,30.7,30.35,4751132
2024-08-27,00285,比亚迪电子,HK,30.2,29.8,30.25,30.25,3748164
2024-08-28,00285,比亚迪电子,HK,30.3,28.65,30.3,29.5,8109485
2024-08-29,00285,比亚迪电子,HK,28.0,25.1,28.1,27.65,33442248
2024-08-30,00285,比亚迪电子,HK,27.9,27.8,29.7,28.7,16525606
2024-09-02,00285,比亚迪电子,HK,29.25,26.9,29.4,27.5,10620796
2024-09-03,00285,比亚迪电子,HK,27.65,27.1,28.0,27.3,5136751
2024-09-04,00285,比亚迪电子,HK,26.95,26.3,27.3,27.2,7738120
2024-09-05,00285,比亚迪电子,HK,27.3,26.85,27.5,27.1,5826990
2024-09-09,00285,比亚迪电子,HK,26.95,25.85,27.1,26.2,8066856
2024-09-10,00285,比亚迪电子,HK,26.25,25.5,26.7,26.05,7492826
2024-09-11,00285,比亚迪电子,HK,25.8,25.2,25.85,25.55,6458371
2024-09-12,00285,比亚迪电子,HK,25.7,25.2,26.05,25.35,6566100
2024-09-13,00285,比亚迪电子,HK,25.5,25.35,26.0,25.6,5009535
2024-09-16,00285,比亚迪电子,HK,25.7,24.85,25.75,25.55,1831560
2024-09-17,00285,比亚迪电子,HK,25.45,25.35,25.95,25.8,2165697
2024-09-19,00285,比亚迪电子,HK,25.8,24.85,26.15,25.95,12809442
2024-09-20,00285,比亚迪电子,HK,26.3,26.2,27.55,26.75,16065121
2024-09-23,00285,比亚迪电子,HK,27.1,26.9,28.0,26.95,9415166
2024-09-24,00285,比亚迪电子,HK,27.6,27.15,28.85,28.75,17403667
2024-09-25,00285,比亚迪电子,HK,29.5,28.45,30.35,28.6,22401019
2024-09-26,00285,比亚迪电子,HK,28.95,28.6,30.9,30.8,21779008
2024-09-27,00285,比亚迪电子,HK,31.2,30.8,32.6,32.0,26216665
2024-09-30,00285,比亚迪电子,HK,33.0,30.4,33.5,32.55,43993024
2024-10-02,00285,比亚迪电子,HK,33.45,32.3,35.05,34.4,24233146
2024-10-03,00285,比亚迪电子,HK,34.8,30.7,34.8,32.2,21834536
2024-10-04,00285,比亚迪电子,HK,32.0,31.25,34.3,34.05,13103606
2024-10-07,00285,比亚迪电子,HK,34.75,34.3,37.15,36.05,24265985
2024-10-08,00285,比亚迪电子,HK,36.75,30.8,36.75,31.1,43565746
2024-10-09,00285,比亚迪电子,HK,31.6,30.2,33.1,31.0,35979673
2024-10-10,00285,比亚迪电子,HK,32.1,31.65,33.7,33.0,24950907
2024-10-14,00285,比亚迪电子,HK,32.55,31.3,34.15,33.85,26093228
2024-10-15,00285,比亚迪电子,HK,33.85,32.15,34.1,32.4,18800399
2024-10-16,00285,比亚迪电子,HK,31.8,31.7,32.55,32.25,10944310
2024-10-17,00285,比亚迪电子,HK,32.4,31.55,32.9,31.65,10351805
2024-10-18,00285,比亚迪电子,HK,31.7,31.7,35.7,35.55,32165934
2024-10-21,00285,比亚迪电子,HK,35.15,34.2,36.75,34.5,21547500
2024-10-22,00285,比亚迪电子,HK,34.45,33.35,34.45,33.4,12405260
2024-10-23,00285,比亚迪电子,HK,33.4,32.8,34.45,34.35,13648085
2024-10-24,00285,比亚迪电子,HK,33.5,32.95,34.1,32.95,9365657
2024-10-25,00285,比亚迪电子,HK,33.1,33.0,34.9,34.3,13979339
2024-10-28,00285,比亚迪电子,HK,34.3,33.2,34.4,33.8,9143600
2024-10-29,00285,比亚迪电子,HK,33.8,33.5,35.0,34.85,12535767
2024-10-30,00285,比亚迪电子,HK,34.85,34.15,35.3,34.55,10327202
2024-10-31,00285,比亚迪电子,HK,34.05,33.05,35.75,33.5,16013206
2024-11-01,00285,比亚迪电子,HK,33.8,32.45,33.9,32.55,9537655
2024-11-04,00285,比亚迪电子,HK,33.0,32.1,33.15,32.35,6885495
2024-11-05,00285,比亚迪电子,HK,32.2,31.7,34.7,34.3,14699075
2024-11-06,00285,比亚迪电子,HK,34.8,33.0,35.0,33.05,12793023
2024-11-07,00285,比亚迪电子,HK,32.55,30.85,32.8,31.2,34986574
2024-11-08,00285,比亚迪电子,HK,31.8,30.4,31.95,30.45,22005621
2024-11-11,00285,比亚迪电子,HK,29.9,29.65,31.15,30.85,16775071
2024-11-12,00285,比亚迪电子,HK,30.3,29.15,30.65,29.3,16170804
2024-11-13,00285,比亚迪电子,HK,29.2,28.25,29.75,29.6,19180714
2024-11-14,00285,比亚迪电子,HK,29.5,28.1,29.5,28.3,12399118
2024-11-15,00285,比亚迪电子,HK,28.35,27.9,29.05,28.4,11773220
2024-11-18,00285,比亚迪电子,HK,28.85,28.2,29.1,28.45,11234296
2024-11-19,00285,比亚迪电子,HK,28.6,28.5,30.4,30.25,23128848
2024-11-20,00285,比亚迪电子,HK,30.3,30.25,31.55,31.25,16221301
2024-11-21,00285,比亚迪电子,HK,31.25,31.1,33.3,32.8,28130573
2024-11-22,00285,比亚迪电子,HK,32.8,32.7,35.45,34.2,35274113
2024-11-25,00285,比亚迪电子,HK,34.1,33.55,35.4,34.35,24711645
2024-11-26,00285,比亚迪电子,HK,34.35,33.5,34.8,33.65,15848839
2024-11-27,00285,比亚迪电子,HK,33.65,33.0,34.45,34.15,12134540
2024-11-28,00285,比亚迪电子,HK,34.1,33.8,35.35,34.15,12540475
2024-11-29,00285,比亚迪电子,HK,34.3,33.8,35.6,34.55,11623577
2024-12-02,00285,比亚迪电子,HK,35.5,35.05,39.4,38.45,41444853
2024-12-03,00285,比亚迪电子,HK,38.3,37.2,39.1,38.25,19149955
2024-12-04,00285,比亚迪电子,HK,38.25,36.7,38.4,37.6,11872467
2024-12-05,00285,比亚迪电子,HK,37.2,37.05,39.6,39.55,22042072
2024-12-06,00285,比亚迪电子,HK,39.5,38.4,40.35,39.3,14561580
2024-12-09,00285,比亚迪电子,HK,39.15,38.8,43.3,42.95,36653415
2024-12-10,00285,比亚迪电子,HK,42.95,41.1,42.95,41.35,22008242
2024-12-11,00285,比亚迪电子,HK,41.5,41.5,43.0,41.75,11001514
2024-12-12,00285,比亚迪电子,HK,42.2,41.4,43.3,41.7,10776087
2024-12-13,00285,比亚迪电子,HK,41.5,40.9,42.5,41.8,12543964
2024-12-16,00285,比亚迪电子,HK,42.3,39.9,43.45,40.3,18806541
2024-12-17,00285,比亚迪电子,HK,40.1,39.15,40.9,39.85,15462741
2024-12-18,00285,比亚迪电子,HK,39.95,38.85,40.8,39.65,12118801
2024-12-19,00285,比亚迪电子,HK,39.2,38.2,39.95,39.15,14607942
2024-12-20,00285,比亚迪电子,HK,39.15,38.55,39.95,39.15,7137374
2024-12-23,00285,比亚迪电子,HK,39.15,39.15,40.3,39.5,10809942
2024-12-24,00285,比亚迪电子,HK,39.5,39.05,41.9,41.75,13298800
2024-12-27,00285,比亚迪电子,HK,42.5,42.5,44.0,43.35,28634639
2024-12-30,00285,比亚迪电子,HK,43.35,42.05,43.5,42.05,15810722
2024-12-31,00285,比亚迪电子,HK,42.35,41.6,43.05,42.05,5639800
2025-01-02,00285,比亚迪电子,HK,42.0,39.8,42.05,40.05,14329947
2025-01-03,00285,比亚迪电子,HK,40.0,39.6,42.35,41.15,16376394
2025-01-06,00285,比亚迪电子,HK,41.15,40.35,42.25,40.8,10404214
2025-01-07,00285,比亚迪电子,HK,40.8,40.1,42.6,41.8,11987336
2025-01-08,00285,比亚迪电子,HK,41.7,40.0,41.7,40.45,11593600
2025-01-09,00285,比亚迪电子,HK,40.5,39.85,41.75,40.65,9079559
2025-01-10,00285,比亚迪电子,HK,41.0,38.85,41.5,39.1,14892336
2025-01-13,00285,比亚迪电子,HK,38.9,36.7,39.0,37.25,17333632
2025-01-14,00285,比亚迪电子,HK,37.35,37.35,39.15,38.6,11510249
2025-01-15,00285,比亚迪电子,HK,38.95,37.25,38.95,37.7,10007972
2025-01-16,00285,比亚迪电子,HK,38.15,37.0,38.85,37.95,9807134
2025-01-17,00285,比亚迪电子,HK,37.95,37.55,38.9,38.1,8415712
2025-01-20,00285,比亚迪电子,HK,38.95,38.4,40.1,39.2,11987203
2025-01-21,00285,比亚迪电子,HK,39.6,39.1,41.4,41.1,15217852
2025-01-22,00285,比亚迪电子,HK,40.9,40.8,42.4,41.75,14028153
2025-01-23,00285,比亚迪电子,HK,42.1,40.05,42.95,40.4,12933591
2025-01-24,00285,比亚迪电子,HK,40.9,40.3,42.95,42.65,16138795
2025-01-27,00285,比亚迪电子,HK,42.65,41.55,42.95,42.25,13225210
2025-01-28,00285,比亚迪电子,HK,42.75,41.65,42.75,42.3,1970300
2025-02-03,00285,比亚迪电子,HK,42.1,41.3,42.65,42.3,4190920
2025-02-04,00285,比亚迪电子,HK,42.85,42.55,44.0,43.8,8803525
2025-02-05,00285,比亚迪电子,HK,44.2,43.85,45.2,44.95,19778954
2025-02-06,00285,比亚迪电子,HK,45.0,44.9,54.0,53.75,61076998
2025-02-07,00285,比亚迪电子,HK,53.8,51.15,56.0,53.75,51301692
2025-02-10,00285,比亚迪电子,HK,54.4,51.85,56.05,54.25,30684094
2025-02-11,00285,比亚迪电子,HK,55.8,53.85,58.3,55.1,45904878
2025-02-12,00285,比亚迪电子,HK,56.0,55.1,60.8,60.6,43724965
2025-02-13,00285,比亚迪电子,HK,61.3,55.55,61.55,56.0,44039494
2025-02-14,00285,比亚迪电子,HK,57.6,56.2,59.2,58.85,39591049
2025-02-17,00285,比亚迪电子,HK,58.8,53.8,58.8,55.9,45341750
2025-02-18,00285,比亚迪电子,HK,56.7,54.7,57.35,55.8,28989349
2025-02-19,00285,比亚迪电子,HK,55.0,54.3,57.45,57.3,22761705
2025-02-20,00285,比亚迪电子,HK,57.65,55.0,59.45,56.25,18314421
2025-02-21,00285,比亚迪电子,HK,57.5,56.05,58.4,58.2,24386571
2025-02-24,00285,比亚迪电子,HK,57.9,56.5,58.75,57.4,20498862
2025-02-25,00285,比亚迪电子,HK,55.45,54.2,56.85,55.85,20857841
2025-02-26,00285,比亚迪电子,HK,56.0,54.7,56.9,55.65,18842364
2025-02-27,00285,比亚迪电子,HK,55.2,53.55,57.8,56.0,21903617
2025-02-28,00285,比亚迪电子,HK,56.0,49.0,56.0,50.1,41992108
2025-03-03,00285,比亚迪电子,HK,50.55,47.5,50.65,48.35,33579925
2025-03-04,00285,比亚迪电子,HK,46.3,45.15,48.95,48.35,25147424
2025-03-05,00285,比亚迪电子,HK,49.15,48.45,51.3,51.15,20157733
2025-03-06,00285,比亚迪电子,HK,52.0,49.7,53.0,50.55,30904483
2025-03-07,00285,比亚迪电子,HK,50.3,49.15,51.0,49.95,18327652
2025-03-10,00285,比亚迪电子,HK,49.95,48.3,50.65,49.45,21709746
2025-03-11,00285,比亚迪电子,HK,48.9,47.4,49.9,49.7,13721548
2025-03-12,00285,比亚迪电子,HK,50.95,49.2,51.9,50.0,15699825
2025-03-13,00285,比亚迪电子,HK,50.5,48.1,50.75,49.1,10627272
2025-03-14,00285,比亚迪电子,HK,49.6,48.0,50.5,50.15,14300917
2025-03-17,00285,比亚迪电子,HK,51.75,50.25,52.2,50.45,10037893
2025-03-18,00285,比亚迪电子,HK,51.8,50.75,52.6,52.35,20850865
2025-03-19,00285,比亚迪电子,HK,52.95,50.15,52.95,50.3,18447459
2025-03-20,00285,比亚迪电子,HK,50.5,48.45,50.75,48.8,20948451
2025-03-21,00285,比亚迪电子,HK,48.8,46.05,48.8,47.25,24092518
2025-03-24,00285,比亚迪电子,HK,48.4,45.45,48.4,46.95,25400629
2025-03-25,00285,比亚迪电子,HK,46.3,41.6,46.3,42.45,48680539
2025-03-26,00285,比亚迪电子,HK,42.65,40.65,43.8,41.2,33312216
2025-03-27,00285,比亚迪电子,HK,41.1,40.1,42.1,41.35,23106139
2025-03-28,00285,比亚迪电子,HK,41.75,40.55,42.1,41.55,16110418
2025-03-31,00285,比亚迪电子,HK,41.15,39.6,42.0,40.3,17212402
2025-04-01,00285,比亚迪电子,HK,40.85,38.85,41.1,39.85,18282773
2025-04-02,00285,比亚迪电子,HK,40.3,39.55,41.55,40.65,16479724
2025-04-03,00285,比亚迪电子,HK,38.8,36.2,38.8,37.1,48193647
2025-04-07,00285,比亚迪电子,HK,32.4,28.45,32.75,28.8,64422733
2025-04-08,00285,比亚迪电子,HK,29.85,27.35,30.4,28.65,55781314
2025-04-09,00285,比亚迪电子,HK,27.0,26.65,29.4,29.1,49293565
2025-04-10,00285,比亚迪电子,HK,33.1,30.65,33.75,31.05,59411572
2025-04-11,00285,比亚迪电子,HK,31.0,30.4,33.35,32.95,44769525
2025-04-14,00285,比亚迪电子,HK,35.1,33.3,35.6,33.95,43594513
2025-04-15,00285,比亚迪电子,HK,34.3,32.6,34.5,33.2,17662803
2025-04-16,00285,比亚迪电子,HK,32.65,31.3,32.75,31.75,19369817
2025-04-17,00285,比亚迪电子,HK,31.6,31.2,32.65,32.05,12739095
2025-04-22,00285,比亚迪电子,HK,32.0,31.75,33.1,32.95,15199744
2025-04-23,00285,比亚迪电子,HK,35.0,33.7,35.35,34.85,31335363
2025-04-24,00285,比亚迪电子,HK,35.1,33.35,35.15,34.0,21106673
2025-04-25,00285,比亚迪电子,HK,34.5,34.05,35.45,34.75,20953555
2025-04-28,00285,比亚迪电子,HK,33.55,31.55,33.55,31.8,40435086
2025-04-29,00285,比亚迪电子,HK,32.05,31.75,32.3,32.0,14501301
2025-04-30,00285,比亚迪电子,HK,32.15,31.8,32.5,32.3,11589470
2025-05-02,00285,比亚迪电子,HK,32.5,32.1,33.8,33.6,10387530
2025-05-06,00285,比亚迪电子,HK,33.4,32.8,33.55,33.2,15153647
2025-05-07,00285,比亚迪电子,HK,34.4,33.6,35.4,33.65,27962526
2025-05-08,00285,比亚迪电子,HK,33.7,33.35,34.45,33.75,13601796
2025-05-09,00285,比亚迪电子,HK,34.05,33.05,34.05,33.35,10473906
2025-05-12,00285,比亚迪电子,HK,34.7,34.6,39.2,37.95,74429019
2025-05-13,00285,比亚迪电子,HK,38.0,35.2,38.0,35.25,41075556
2025-05-14,00285,比亚迪电子,HK,35.85,35.3,36.3,35.75,20715617
2025-05-15,00285,比亚迪电子,HK,35.85,34.75,36.15,34.95,16191649
2025-05-16,00285,比亚迪电子,HK,34.95,34.25,35.0,34.65,12709332
2025-05-19,00285,比亚迪电子,HK,34.65,33.65,34.65,34.3,14646313
2025-05-20,00285,比亚迪电子,HK,34.3,33.7,34.6,34.25,13380483
2025-05-21,00285,比亚迪电子,HK,34.45,34.3,35.45,34.95,15190617
2025-05-22,00285,比亚迪电子,HK,34.6,33.6,34.7,33.85,15225098
2025-05-23,00285,比亚迪电子,HK,34.0,33.5,34.55,33.7,12852821
2025-05-26,00285,比亚迪电子,HK,33.15,32.1,33.25,32.5,21712248
2025-05-27,00285,比亚迪电子,HK,32.65,31.85,32.7,32.4,9860774
2025-05-28,00285,比亚迪电子,HK,32.4,31.75,32.55,32.0,13091128
2025-05-29,00285,比亚迪电子,HK,32.8,32.1,33.2,33.15,21544448
2025-05-30,00285,比亚迪电子,HK,32.65,31.05,32.65,31.15,29688171
2025-06-02,00285,比亚迪电子,HK,30.6,30.2,31.2,31.05,9006630
2025-06-03,00285,比亚迪电子,HK,31.4,31.15,31.9,31.45,11263382
2025-06-04,00285,比亚迪电子,HK,31.45,31.25,31.9,31.45,15318385
2025-06-05,00285,比亚迪电子,HK,31.75,31.6,32.4,32.4,19503816
2025-06-06,00285,比亚迪电子,HK,32.45,31.65,32.55,32.05,22111022
2025-06-09,00285,比亚迪电子,HK,32.35,32.05,32.85,32.7,23488157
2025-06-10,00285,比亚迪电子,HK,32.7,31.45,32.85,31.95,13630922
2025-06-11,00285,比亚迪电子,HK,32.25,32.2,33.25,32.5,20074497
2025-06-12,00285,比亚迪电子,HK,32.25,31.55,32.35,31.65,15820073
2025-06-13,00285,比亚迪电子,HK,31.6,30.6,31.6,30.95,15287152
2025-06-16,00285,比亚迪电子,HK,30.75,30.5,31.15,30.9,10417226
2025-06-17,00285,比亚迪电子,HK,31.0,30.95,31.4,31.35,9447160
2025-06-18,00285,比亚迪电子,HK,31.0,30.2,31.3,30.45,16460982
2025-06-19,00285,比亚迪电子,HK,30.45,29.6,30.9,29.7,16203647
2025-06-20,00285,比亚迪电子,HK,29.95,29.85,30.75,30.1,13005282
2025-06-23,00285,比亚迪电子,HK,30.1,29.45,30.8,30.75,10018670
2025-06-24,00285,比亚迪电子,HK,31.15,31.1,31.8,31.6,13550575
2025-06-25,00285,比亚迪电子,HK,31.85,31.35,31.85,31.85,16060375
2025-06-26,00285,比亚迪电子,HK,31.75,31.2,31.95,31.35,9021099
2025-06-27,00285,比亚迪电子,HK,31.5,31.2,32.15,31.45,15145718
2025-06-30,00285,比亚迪电子,HK,31.75,31.45,32.15,31.8,13792185
2025-07-02,00285,比亚迪电子,HK,32.2,31.4,32.5,31.9,9651030
2025-07-03,00285,比亚迪电子,HK,32.1,31.8,33.35,32.45,20570618
2025-07-04,00285,比亚迪电子,HK,32.7,31.3,32.7,32.2,16296794
2025-07-07,00285,比亚迪电子,HK,31.85,31.15,31.95,31.65,13188522
2025-07-08,00285,比亚迪电子,HK,31.65,31.55,32.9,32.7,16496311
2025-07-09,00285,比亚迪电子,HK,32.7,32.05,32.75,32.15,7820510
2025-07-10,00285,比亚迪电子,HK,32.8,32.45,34.25,33.95,36674114
2025-07-11,00285,比亚迪电子,HK,34.1,33.4,34.2,33.4,18063725
2025-07-14,00285,比亚迪电子,HK,33.45,32.9,33.6,33.25,15487116
2025-07-15,00285,比亚迪电子,HK,33.3,32.75,34.1,33.7,17027066
2025-07-16,00285,比亚迪电子,HK,33.75,33.2,33.9,33.25,11700706
2025-07-17,00285,比亚迪电子,HK,33.25,32.65,33.7,33.5,15246904
2025-07-18,00285,比亚迪电子,HK,33.8,33.15,34.05,33.6,10975243
2025-07-21,00285,比亚迪电子,HK,33.85,33.15,34.05,33.4,13234010
2025-07-22,00285,比亚迪电子,HK,33.55,33.15,33.6,33.45,9174758
2025-07-23,00285,比亚迪电子,HK,33.9,33.25,33.95,33.65,14615783
2025-07-24,00285,比亚迪电子,HK,33.95,33.65,35.4,35.0,33248555
2025-07-25,00285,比亚迪电子,HK,34.9,34.0,34.95,34.4,19561501
2025-07-28,00285,比亚迪电子,HK,34.4,34.0,34.9,34.4,11843400
2025-07-29,00285,比亚迪电子,HK,34.4,33.4,34.8,34.8,22425713
2025-07-30,00285,比亚迪电子,HK,34.6,33.1,34.6,33.25,28000615
2025-07-31,00285,比亚迪电子,HK,33.05,32.6,33.35,32.9,17102712
2025-08-01,00285,比亚迪电子,HK,32.7,32.5,33.5,32.6,11553699
2025-08-04,00285,比亚迪电子,HK,32.3,32.24,32.94,32.88,6677920
2025-08-05,00285,比亚迪电子,HK,32.98,32.98,35.86,35.42,43587104
2025-08-06,00285,比亚迪电子,HK,35.42,35.38,38.98,37.8,89904430
2025-08-07,00285,比亚迪电子,HK,37.8,36.06,38.16,36.98,31589071
2025-08-08,00285,比亚迪电子,HK,36.96,36.08,37.4,36.44,18320875
2025-08-11,00285,比亚迪电子,HK,36.9,36.66,39.04,38.68,41296225
2025-08-12,00285,比亚迪电子,HK,38.68,38.22,41.52,39.64,56317782
2025-08-13,00285,比亚迪电子,HK,39.64,39.58,41.5,40.86,36316396
2025-08-14,00285,比亚迪电子,HK,41.2,38.38,41.5,38.8,45263852
2025-08-15,00285,比亚迪电子,HK,38.38,38.1,40.5,40.32,37116211
2025-08-18,00285,比亚迪电子,HK,40.28,38.8,40.48,39.38,33774095
2025-08-19,00285,比亚迪电子,HK,39.4,37.32,39.6,37.54,36811056
2025-08-20,00285,比亚迪电子,HK,37.6,36.76,38.22,38.04,27625826
2025-08-21,00285,比亚迪电子,HK,38.26,36.82,38.58,37.22,24258215
2025-08-22,00285,比亚迪电子,HK,37.4,37.24,39.7,39.5,41065583
2025-08-25,00285,比亚迪电子,HK,40.0,38.64,40.28,39.18,30274102
2025-08-26,00285,比亚迪电子,HK,39.06,38.96,40.98,39.86,38590537
2025-08-27,00285,比亚迪电子,HK,40.0,38.58,40.22,38.66,26852097
2025-08-28,00285,比亚迪电子,HK,38.8,37.2,38.94,38.38,33512910
2025-08-29,00285,比亚迪电子,HK,38.38,37.22,43.2,41.18,101519316
2025-09-01,00285,比亚迪电子,HK,45.8,42.64,45.8,44.1,92770408
2025-09-02,00285,比亚迪电子,HK,44.12,42.86,46.7,43.26,54803971
2025-09-03,00285,比亚迪电子,HK,43.4,40.84,43.88,41.1,33811176
2025-09-04,00285,比亚迪电子,HK,41.78,40.38,43.22,41.18,40388461
2025-09-05,00285,比亚迪电子,HK,41.56,41.18,42.68,42.24,32094704
2025-09-08,00285,比亚迪电子,HK,42.6,41.0,43.0,42.96,31531331
2025-09-09,00285,比亚迪电子,HK,43.3,41.88,43.62,42.12,21636537
2025-09-10,00285,比亚迪电子,HK,42.26,41.64,42.92,41.86,21341016
2025-09-11,00285,比亚迪电子,HK,41.64,40.8,42.88,42.4,26488056
2025-09-12,00285,比亚迪电子,HK,43.0,42.3,43.9,42.54,29491400
2025-09-15,00285,比亚迪电子,HK,42.54,41.0,42.54,41.44,22199129
2025-09-16,00285,比亚迪电子,HK,41.8,40.32,41.8,41.4,21468887
2025-09-17,00285,比亚迪电子,HK,41.56,41.18,42.3,42.12,23470181
2025-09-18,00285,比亚迪电子,HK,42.12,40.44,42.84,41.32,34604172
2025-09-19,00285,比亚迪电子,HK,41.56,40.84,42.78,41.5,24065282
2025-09-22,00285,比亚迪电子,HK,42.26,41.94,43.62,43.0,33925451
2025-09-23,00285,比亚迪电子,HK,43.5,41.04,44.4,41.66,26519262
2025-09-24,00285,比亚迪电子,HK,42.0,40.5,42.0,41.68,18203024
2025-09-25,00285,比亚迪电子,HK,41.9,41.02,42.1,41.52,18159513
2025-09-26,00285,比亚迪电子,HK,41.16,39.3,41.38,39.5,29639957
2025-09-29,00285,比亚迪电子,HK,39.52,38.9,40.28,39.8,16817944
2025-09-30,00285,比亚迪电子,HK,40.02,39.84,41.38,41.34,21393825
2025-10-02,00285,比亚迪电子,HK,41.34,40.92,44.6,44.08,31271174
2025-10-03,00285,比亚迪电子,HK,43.76,42.36,44.08,43.38,9284059
2025-10-06,00285,比亚迪电子,HK,42.78,42.1,43.22,42.5,5840603
2025-10-08,00285,比亚迪电子,HK,42.28,40.86,42.28,42.24,10156817
2025-10-09,00285,比亚迪电子,HK,42.24,41.52,44.34,43.44,36520421
2025-10-10,00285,比亚迪电子,HK,43.12,41.2,43.3,41.42,20131547
2025-10-13,00285,比亚迪电子,HK,40.0,38.26,40.48,40.06,46364551
2025-10-14,00285,比亚迪电子,HK,40.12,38.36,41.16,38.6,27774343
2025-10-15,00285,比亚迪电子,HK,39.38,38.64,39.72,39.12,21112164
2025-10-16,00285,比亚迪电子,HK,39.48,39.02,42.06,41.08,45718849
2025-10-17,00285,比亚迪电子,HK,41.2,37.36,41.22,37.74,40031315
2025-10-20,00285,比亚迪电子,HK,38.9,38.08,39.1,38.76,17368992
2025-10-21,00285,比亚迪电子,HK,39.48,39.38,41.04,40.22,27174742
2025-10-22,00285,比亚迪电子,HK,39.92,38.18,39.98,38.5,20662575
2025-10-23,00285,比亚迪电子,HK,38.5,36.8,38.5,37.56,25278522
2025-10-24,00285,比亚迪电子,HK,38.0,37.64,38.76,38.3,20884629
2025-10-27,00285,比亚迪电子,HK,39.1,38.74,39.74,39.24,18024954
2025-10-28,00285,比亚迪电子,HK,39.64,38.32,39.64,38.44,13479274
2025-10-30,00285,比亚迪电子,HK,39.0,36.9,39.08,37.42,32782775
2025-10-31,00285,比亚迪电子,HK,36.8,35.78,37.54,36.54,26116297
2025-11-03,00285,比亚迪电子,HK,37.04,35.5,37.04,36.04,15606263
2025-11-04,00285,比亚迪电子,HK,35.88,35.02,36.3,35.2,13269144
2025-11-05,00285,比亚迪电子,HK,34.02,33.82,35.06,35.0,12478731
2025-11-06,00285,比亚迪电子,HK,35.2,34.96,35.84,35.66,10793079
2025-11-07,00285,比亚迪电子,HK,35.4,35.0,35.6,35.16,11243943
2025-11-10,00285,比亚迪电子,HK,35.28,34.5,35.78,35.64,9237230
2025-11-11,00285,比亚迪电子,HK,36.04,35.18,36.2,35.42,7916630
2025-11-12,00285,比亚迪电子,HK,35.54,34.88,35.68,35.28,8337523
2025-11-13,00285,比亚迪电子,HK,35.36,35.08,35.62,35.3,10553885
2025-11-14,00285,比亚迪电子,HK,35.12,34.4,35.12,34.62,14369819
2025-11-17,00285,比亚迪电子,HK,34.62,33.74,34.68,34.0,24555381
2025-11-18,00285,比亚迪电子,HK,33.6,32.64,33.7,33.12,16697944
2025-11-19,00285,比亚迪电子,HK,33.2,32.54,33.22,32.86,8195385
2025-11-20,00285,比亚迪电子,HK,33.58,32.3,33.64,32.74,13421629
2025-11-21,00285,比亚迪电子,HK,32.12,31.32,32.2,31.62,15871961
2025-11-24,00285,比亚迪电子,HK,31.9,31.6,32.22,32.08,18394060
2025-11-25,00285,比亚迪电子,HK,32.48,32.36,33.1,32.74,8988732
2025-11-26,00285,比亚迪电子,HK,33.08,32.7,33.68,33.48,12873982
2025-11-27,00285,比亚迪电子,HK,33.62,33.14,33.98,33.16,8256996
2025-11-28,00285,比亚迪电子,HK,33.3,33.0,33.48,33.16,4897960
2025-12-01,00285,比亚迪电子,HK,33.44,33.24,34.14,33.8,8561722
2025-12-02,00285,比亚迪电子,HK,33.8,33.62,34.96,34.42,18071730
2025-12-03,00285,比亚迪电子,HK,34.44,34.24,35.0,34.72,13377930
2025-12-04,00285,比亚迪电子,HK,34.8,34.12,35.38,35.16,11967736
2025-12-05,00285,比亚迪电子,HK,35.3,34.78,35.6,34.78,15119810
2025-12-08,00285,比亚迪电子,HK,34.8,34.24,35.1,34.42,8010139
2025-12-09,00285,比亚迪电子,HK,34.26,33.96,34.86,34.2,5969562
2025-12-10,00285,比亚迪电子,HK,33.8,33.38,34.24,34.24,8178061
2025-12-11,00285,比亚迪电子,HK,34.38,33.6,34.7,33.94,9155096
2025-12-12,00285,比亚迪电子,HK,34.14,33.64,34.48,34.24,5961960
2025-12-15,00285,比亚迪电子,HK,34.24,33.4,34.24,33.64,5470131
2025-12-16,00285,比亚迪电子,HK,33.5,32.62,33.62,32.88,8533410
2025-12-17,00285,比亚迪电子,HK,32.86,32.56,33.2,33.04,5714860
2025-12-18,00285,比亚迪电子,HK,32.8,32.6,33.16,33.06,4693302
2025-12-19,00285,比亚迪电子,HK,33.0,32.78,33.34,32.88,7347538
2025-12-22,00285,比亚迪电子,HK,33.1,33.1,33.66,33.54,5764375
2025-12-23,00285,比亚迪电子,HK,33.66,33.42,33.9,33.74,5964620
2025-12-24,00285,比亚迪电子,HK,33.8,33.34,33.9,33.56,3532089
2025-12-29,00285,比亚迪电子,HK,33.8,33.58,34.62,33.62,12527719
2025-12-30,00285,比亚迪电子,HK,33.62,33.62,34.44,34.14,7084291
2025-12-31,00285,比亚迪电子,HK,34.22,33.62,34.34,33.64,3731482
2026-01-02,00285,比亚迪电子,HK,33.62,33.62,35.42,35.28,6553314
2026-01-05,00285,比亚迪电子,HK,35.2,34.48,35.2,34.74,9101985
2026-01-06,00285,比亚迪电子,HK,35.0,34.58,36.38,36.08,20057748
2026-01-07,00285,比亚迪电子,HK,36.08,35.56,36.6,36.0,13315789
2026-01-08,00285,比亚迪电子,HK,35.92,34.88,35.92,35.2,10595025
2026-01-09,00285,比亚迪电子,HK,35.2,34.14,35.34,34.3,18822797
2026-01-12,00285,比亚迪电子,HK,34.58,33.72,34.64,34.52,11682346
2026-01-13,00285,比亚迪电子,HK,35.1,34.02,35.4,34.3,10769949
2026-01-14,00285,比亚迪电子,HK,34.58,34.06,34.86,34.4,9413745
2026-01-15,00285,比亚迪电子,HK,34.3,33.98,35.64,35.52,12977992
2026-01-16,00285,比亚迪电子,HK,35.98,34.92,36.26,35.06,9818635
2026-01-19,00285,比亚迪电子,HK,34.52,34.3,34.98,34.4,7437000
2026-01-20,00285,比亚迪电子,HK,34.4,33.34,34.68,33.48,13270389
2026-01-21,00285,比亚迪电子,HK,33.42,32.98,34.54,34.3,8936981
2026-01-22,00285,比亚迪电子,HK,34.52,33.5,34.72,34.3,7554126
2026-01-23,00285,比亚迪电子,HK,34.58,34.02,34.58,34.4,6899982
2026-01-26,00285,比亚迪电子,HK,34.38,33.52,34.4,33.78,8703237
2026-01-27,00285,比亚迪电子,HK,33.78,33.5,34.26,34.16,6977151
2026-01-28,00285,比亚迪电子,HK,34.16,34.16,34.84,34.68,10060986
2026-01-29,00285,比亚迪电子,HK,34.42,34.22,34.76,34.42,8269106
2026-01-30,00285,比亚迪电子,HK,34.08,33.24,34.66,33.4,12432272
2026-02-02,00285,比亚迪电子,HK,33.28,31.84,33.34,32.42,16720484
2026-02-03,00285,比亚迪电子,HK,32.68,31.82,32.8,32.68,8382163
2026-02-04,00285,比亚迪电子,HK,32.7,32.36,33.2,32.84,7446864
2026-02-05,00285,比亚迪电子,HK,32.74,32.36,33.58,33.52,11811316
2026-02-06,00285,比亚迪电子,HK,33.0,32.8,34.1,33.92,12438980
2026-02-09,00285,比亚迪电子,HK,34.4,33.74,34.52,33.76,5789649
2026-02-10,00285,比亚迪电子,HK,33.76,33.16,34.24,33.18,7269478
2026-02-11,00285,比亚迪电子,HK,33.18,33.1,33.84,33.38,6648930
2026-02-12,00285,比亚迪电子,HK,33.4,32.52,33.56,32.78,9691046
2026-02-13,00285,比亚迪电子,HK,32.5,32.14,32.96,32.78,6097037
2026-02-16,00285,比亚迪电子,HK,32.78,31.94,32.78,32.74,2420156
2026-02-20,00285,比亚迪电子,HK,32.68,31.94,32.74,32.38,4201128
2026-02-23,00285,比亚迪电子,HK,32.68,32.68,33.78,33.38,6689029
2026-02-24,00285,比亚迪电子,HK,33.02,32.48,33.18,32.86,7592537
2026-02-25,00285,比亚迪电子,HK,33.02,32.66,33.16,32.84,6525216
2026-02-26,00285,比亚迪电子,HK,32.84,32.24,33.06,32.3,8308555
2026-02-27,00285,比亚迪电子,HK,32.08,31.72,32.34,32.26,8621391
2026-03-02,00285,比亚迪电子,HK,31.8,31.1,32.02,31.56,12829840
2026-03-03,00285,比亚迪电子,HK,31.56,29.58,32.1,29.72,18693024
2026-03-04,00285,比亚迪电子,HK,29.3,28.42,29.7,29.14,17589223
2026-03-05,00285,比亚迪电子,HK,29.98,29.2,30.22,29.4,7695950
2026-03-06,00285,比亚迪电子,HK,29.3,28.9,30.38,30.02,12393868
2026-03-09,00285,比亚迪电子,HK,28.82,28.32,30.38,30.22,10609591
2026-03-10,00285,比亚迪电子,HK,30.68,30.5,31.12,30.9,6601940
2026-03-11,00285,比亚迪电子,HK,30.9,30.9,32.3,31.8,9501732
2026-03-12,00285,比亚迪电子,HK,31.5,31.28,32.68,31.76,6416480
2026-03-13,00285,比亚迪电子,HK,31.28,30.06,31.44,30.18,15455135
2026-03-16,00285,比亚迪电子,HK,30.2,29.9,31.22,31.1,8219666
2026-03-17,00285,比亚迪电子,HK,31.32,31.06,32.26,31.3,9552800
2026-03-18,00285,比亚迪电子,HK,31.5,31.18,31.86,31.32,6848543
2026-03-19,00285,比亚迪电子,HK,31.14,30.6,31.86,31.12,8502400
2026-03-20,00285,比亚迪电子,HK,30.52,30.52,31.88,31.02,9086105
2026-03-23,00285,比亚迪电子,HK,30.18,29.62,31.66,30.4,15263838
2026-03-24,00285,比亚迪电子,HK,30.62,29.86,31.12,30.98,8023012
2026-03-25,00285,比亚迪电子,HK,31.12,31.12,32.14,32.0,9884623
2026-03-26,00285,比亚迪电子,HK,31.98,30.6,32.28,31.0,8332919
2026-03-27,00285,比亚迪电子,HK,30.9,30.5,31.44,30.6,9038228
2026-03-30,00285,比亚迪电子,HK,29.38,27.7,30.64,29.12,30502372
2026-03-31,00285,比亚迪电子,HK,28.82,27.24,28.84,27.6,30206565
2026-04-01,00285,比亚迪电子,HK,28.3,27.54,28.56,27.64,16162288
2026-04-02,00285,比亚迪电子,HK,27.64,26.88,27.9,27.2,10151269
