date,code,open,high,low,close,volume,stock_code,stock_name,market
2022-01-04,sz.300229,10.38,10.62,10.36,10.56,21651452,300229,拓尔思,SZ
2022-01-05,sz.300229,10.55,10.72,10.27,10.47,21093013,300229,拓尔思,SZ
2022-01-06,sz.300229,10.39,10.51,10.28,10.33,11886003,300229,拓尔思,SZ
2022-01-07,sz.300229,10.37,10.65,10.18,10.2,14913934,300229,拓尔思,SZ
2022-01-10,sz.300229,10.2,10.78,10.08,10.69,21837001,300229,拓尔思,SZ
2022-01-11,sz.300229,10.83,10.83,10.52,10.73,16680740,300229,拓尔思,SZ
2022-01-12,sz.300229,10.82,10.95,10.68,10.93,17450256,300229,拓尔思,SZ
2022-01-13,sz.300229,11.01,11.18,10.88,11.0,19045821,300229,拓尔思,SZ
2022-01-14,sz.300229,10.94,11.44,10.9,11.41,22498766,300229,拓尔思,SZ
2022-01-17,sz.300229,11.51,12.05,11.47,11.65,33257929,300229,拓尔思,SZ
2022-01-18,sz.300229,11.53,11.96,11.43,11.48,29471966,300229,拓尔思,SZ
2022-01-19,sz.300229,11.21,11.74,11.21,11.67,20100887,300229,拓尔思,SZ
2022-01-20,sz.300229,11.7,12.18,11.36,11.93,27155900,300229,拓尔思,SZ
2022-01-21,sz.300229,11.75,11.9,11.45,11.71,19931149,300229,拓尔思,SZ
2022-01-24,sz.300229,11.51,11.93,11.45,11.93,17860258,300229,拓尔思,SZ
2022-01-25,sz.300229,11.84,11.92,11.2,11.26,22013155,300229,拓尔思,SZ
2022-01-26,sz.300229,11.31,11.66,11.0,11.36,22562048,300229,拓尔思,SZ
2022-01-27,sz.300229,11.11,11.24,10.45,10.48,23543403,300229,拓尔思,SZ
2022-01-28,sz.300229,10.6,11.42,10.6,10.95,20567616,300229,拓尔思,SZ
2022-02-07,sz.300229,11.2,11.29,10.61,10.82,12101400,300229,拓尔思,SZ
2022-02-08,sz.300229,10.91,11.54,10.73,11.39,20947550,300229,拓尔思,SZ
2022-02-09,sz.300229,11.38,11.72,11.32,11.63,16468508,300229,拓尔思,SZ
2022-02-10,sz.300229,11.5,11.61,11.38,11.54,10080064,300229,拓尔思,SZ
2022-02-11,sz.300229,11.51,11.53,10.97,11.07,16355932,300229,拓尔思,SZ
2022-02-14,sz.300229,11.0,11.07,10.75,10.81,9836050,300229,拓尔思,SZ
2022-02-15,sz.300229,10.96,11.07,10.66,10.78,9580423,300229,拓尔思,SZ
2022-02-16,sz.300229,11.1,11.24,10.77,10.84,9378750,300229,拓尔思,SZ
2022-02-17,sz.300229,10.82,11.05,10.66,10.78,8716600,300229,拓尔思,SZ
2022-02-18,sz.300229,10.78,11.46,10.76,11.38,19880581,300229,拓尔思,SZ
2022-02-21,sz.300229,11.39,11.93,11.3,11.8,19761580,300229,拓尔思,SZ
2022-02-22,sz.300229,11.68,11.9,11.53,11.75,19702767,300229,拓尔思,SZ
2022-02-23,sz.300229,11.8,12.21,11.7,12.07,23203664,300229,拓尔思,SZ
2022-02-24,sz.300229,12.0,12.18,11.22,11.44,25157105,300229,拓尔思,SZ
2022-02-25,sz.300229,11.7,11.85,11.41,11.47,13317662,300229,拓尔思,SZ
2022-02-28,sz.300229,11.47,11.63,11.17,11.46,12106100,300229,拓尔思,SZ
2022-03-01,sz.300229,11.52,11.59,11.32,11.42,7530703,300229,拓尔思,SZ
2022-03-02,sz.300229,11.35,11.63,11.3,11.6,8961997,300229,拓尔思,SZ
2022-03-03,sz.300229,11.57,11.65,11.1,11.16,12699727,300229,拓尔思,SZ
2022-03-04,sz.300229,11.05,11.16,10.85,11.03,9108746,300229,拓尔思,SZ
2022-03-07,sz.300229,10.98,11.02,10.75,10.8,7975384,300229,拓尔思,SZ
2022-03-08,sz.300229,10.8,10.98,10.36,10.41,11201896,300229,拓尔思,SZ
2022-03-09,sz.300229,10.5,10.55,9.76,10.27,12045719,300229,拓尔思,SZ
2022-03-10,sz.300229,10.5,10.88,10.33,10.49,10227069,300229,拓尔思,SZ
2022-03-11,sz.300229,10.49,10.88,10.2,10.82,14490892,300229,拓尔思,SZ
2022-03-14,sz.300229,10.76,10.77,10.28,10.29,10648386,300229,拓尔思,SZ
2022-03-15,sz.300229,10.26,10.47,9.88,9.9,11192187,300229,拓尔思,SZ
2022-03-16,sz.300229,10.1,10.45,9.73,10.35,12913062,300229,拓尔思,SZ
2022-03-17,sz.300229,10.51,10.68,10.31,10.43,12779442,300229,拓尔思,SZ
2022-03-18,sz.300229,10.39,10.4,10.16,10.34,8033782,300229,拓尔思,SZ
2022-03-21,sz.300229,10.3,11.22,10.28,10.98,23020998,300229,拓尔思,SZ
2022-03-22,sz.300229,11.0,11.02,10.71,10.73,12327401,300229,拓尔思,SZ
2022-03-23,sz.300229,10.82,11.85,10.71,11.7,30623516,300229,拓尔思,SZ
2022-03-24,sz.300229,11.6,11.8,11.08,11.2,26823937,300229,拓尔思,SZ
2022-03-25,sz.300229,11.33,11.37,10.85,10.98,16001949,300229,拓尔思,SZ
2022-03-28,sz.300229,11.1,11.48,10.9,11.13,17834349,300229,拓尔思,SZ
2022-03-29,sz.300229,11.02,11.25,10.83,10.85,12792329,300229,拓尔思,SZ
2022-03-30,sz.300229,10.89,11.19,10.83,10.95,9275247,300229,拓尔思,SZ
2022-03-31,sz.300229,10.94,11.15,10.78,11.13,10887239,300229,拓尔思,SZ
2022-04-01,sz.300229,11.02,11.34,10.84,11.18,12462109,300229,拓尔思,SZ
2022-04-06,sz.300229,11.33,11.35,11.0,11.1,10755341,300229,拓尔思,SZ
2022-04-07,sz.300229,10.97,11.02,10.34,10.37,16075468,300229,拓尔思,SZ
2022-04-08,sz.300229,10.38,10.48,10.14,10.27,7652631,300229,拓尔思,SZ
2022-04-11,sz.300229,10.18,10.41,9.99,10.04,6845400,300229,拓尔思,SZ
2022-04-12,sz.300229,10.05,10.53,10.03,10.52,8084262,300229,拓尔思,SZ
2022-04-13,sz.300229,10.4,10.6,10.19,10.41,7549583,300229,拓尔思,SZ
2022-04-14,sz.300229,10.36,10.58,10.26,10.38,4929834,300229,拓尔思,SZ
2022-04-15,sz.300229,10.26,10.33,9.87,10.09,7993408,300229,拓尔思,SZ
2022-04-18,sz.300229,10.0,10.89,9.78,10.52,10364858,300229,拓尔思,SZ
2022-04-19,sz.300229,10.53,10.74,10.44,10.58,6751840,300229,拓尔思,SZ
2022-04-20,sz.300229,10.83,11.06,10.6,10.74,14306170,300229,拓尔思,SZ
2022-04-21,sz.300229,10.64,10.81,10.2,10.33,10872407,300229,拓尔思,SZ
2022-04-22,sz.300229,10.27,10.51,10.06,10.32,6310404,300229,拓尔思,SZ
2022-04-25,sz.300229,10.1,10.17,9.62,9.91,9336200,300229,拓尔思,SZ
2022-04-26,sz.300229,9.99,10.17,9.69,9.81,7895259,300229,拓尔思,SZ
2022-04-27,sz.300229,9.81,10.18,9.66,10.12,8141314,300229,拓尔思,SZ
2022-04-28,sz.300229,10.03,10.08,9.68,9.79,8336025,300229,拓尔思,SZ
2022-04-29,sz.300229,9.95,10.55,9.9,10.52,12565752,300229,拓尔思,SZ
2022-05-05,sz.300229,10.45,10.6,10.33,10.37,9447188,300229,拓尔思,SZ
2022-05-06,sz.300229,10.14,10.62,9.99,10.42,10211291,300229,拓尔思,SZ
2022-05-09,sz.300229,10.32,10.64,10.2,10.44,9399191,300229,拓尔思,SZ
2022-05-10,sz.300229,10.24,10.7,10.15,10.6,9879093,300229,拓尔思,SZ
2022-05-11,sz.300229,10.64,10.97,10.52,10.6,15790057,300229,拓尔思,SZ
2022-05-12,sz.300229,10.52,10.68,10.3,10.53,11067100,300229,拓尔思,SZ
2022-05-13,sz.300229,10.56,10.62,10.37,10.46,7429334,300229,拓尔思,SZ
2022-05-16,sz.300229,10.5,10.84,10.35,10.84,14181814,300229,拓尔思,SZ
2022-05-17,sz.300229,10.87,10.93,10.61,10.88,12360341,300229,拓尔思,SZ
2022-05-18,sz.300229,10.97,11.21,10.73,10.73,13679327,300229,拓尔思,SZ
2022-05-19,sz.300229,10.53,11.1,10.46,10.9,14142225,300229,拓尔思,SZ
2022-05-20,sz.300229,10.86,11.05,10.79,11.0,11789515,300229,拓尔思,SZ
2022-05-23,sz.300229,11.01,11.15,10.9,11.12,14470663,300229,拓尔思,SZ
2022-05-24,sz.300229,11.08,11.12,10.5,10.5,20404850,300229,拓尔思,SZ
2022-05-25,sz.300229,10.43,10.6,10.32,10.54,8865281,300229,拓尔思,SZ
2022-05-26,sz.300229,10.54,10.76,10.32,10.64,9425920,300229,拓尔思,SZ
2022-05-27,sz.300229,10.62,10.68,10.35,10.48,9238248,300229,拓尔思,SZ
2022-05-30,sz.300229,10.53,10.53,10.25,10.38,8156774,300229,拓尔思,SZ
2022-05-31,sz.300229,10.35,10.6,10.3,10.57,7761460,300229,拓尔思,SZ
2022-06-01,sz.300229,10.55,11.08,10.5,11.01,21631439,300229,拓尔思,SZ
2022-06-02,sz.300229,11.01,11.14,10.92,11.06,14862150,300229,拓尔思,SZ
2022-06-06,sz.300229,11.1,11.28,11.05,11.16,15118676,300229,拓尔思,SZ
2022-06-07,sz.300229,11.23,11.23,10.96,11.16,12212048,300229,拓尔思,SZ
2022-06-08,sz.300229,11.12,11.32,10.9,11.2,12646117,300229,拓尔思,SZ
2022-06-09,sz.300229,11.15,11.25,10.9,10.9,9680050,300229,拓尔思,SZ
2022-06-10,sz.300229,10.9,11.06,10.81,10.97,13917326,300229,拓尔思,SZ
2022-06-13,sz.300229,10.85,10.99,10.8,10.9,9231950,300229,拓尔思,SZ
2022-06-14,sz.300229,10.78,10.93,10.38,10.91,16695200,300229,拓尔思,SZ
2022-06-15,sz.300229,10.92,11.31,10.83,11.0,18544989,300229,拓尔思,SZ
2022-06-16,sz.300229,10.94,11.5,10.89,11.3,22833810,300229,拓尔思,SZ
2022-06-17,sz.300229,11.28,11.28,11.06,11.24,10975826,300229,拓尔思,SZ
2022-06-20,sz.300229,11.25,11.3,11.1,11.2,12229894,300229,拓尔思,SZ
2022-06-21,sz.300229,11.24,11.4,11.06,11.28,14993294,300229,拓尔思,SZ
2022-06-22,sz.300229,11.25,11.27,10.79,10.82,13925113,300229,拓尔思,SZ
2022-06-23,sz.300229,10.89,11.15,10.81,11.07,10387700,300229,拓尔思,SZ
2022-06-24,sz.300229,11.3,11.83,11.15,11.33,36058115,300229,拓尔思,SZ
2022-06-27,sz.300229,11.44,11.49,11.03,11.22,21664448,300229,拓尔思,SZ
2022-06-28,sz.300229,11.18,11.68,11.09,11.56,29281022,300229,拓尔思,SZ
2022-06-29,sz.300229,11.49,11.67,11.3,11.42,22833980,300229,拓尔思,SZ
2022-06-30,sz.300229,11.78,11.95,11.22,11.35,29155059,300229,拓尔思,SZ
2022-07-01,sz.300229,11.47,11.52,11.11,11.26,13405296,300229,拓尔思,SZ
2022-07-04,sz.300229,11.31,11.47,11.08,11.22,12699879,300229,拓尔思,SZ
2022-07-05,sz.300229,11.21,11.26,10.79,10.95,18131550,300229,拓尔思,SZ
2022-07-06,sz.300229,10.93,11.12,10.85,11.03,10155119,300229,拓尔思,SZ
2022-07-07,sz.300229,11.15,11.2,10.97,11.01,8538276,300229,拓尔思,SZ
2022-07-08,sz.300229,11.01,11.31,10.96,11.21,12541077,300229,拓尔思,SZ
2022-07-11,sz.300229,11.15,11.18,10.81,11.01,9608100,300229,拓尔思,SZ
2022-07-12,sz.300229,11.05,11.51,10.91,11.48,16737095,300229,拓尔思,SZ
2022-07-13,sz.300229,11.43,11.52,11.31,11.43,10267519,300229,拓尔思,SZ
2022-07-14,sz.300229,11.42,11.67,11.34,11.52,12755516,300229,拓尔思,SZ
2022-07-15,sz.300229,11.52,11.58,11.25,11.32,11319002,300229,拓尔思,SZ
2022-07-18,sz.300229,11.41,11.75,11.35,11.69,12995500,300229,拓尔思,SZ
2022-07-19,sz.300229,11.7,13.24,11.6,13.14,46831457,300229,拓尔思,SZ
2022-07-20,sz.300229,13.02,13.23,12.8,12.97,27892490,300229,拓尔思,SZ
2022-07-21,sz.300229,12.98,13.14,12.75,12.81,17488400,300229,拓尔思,SZ
2022-07-22,sz.300229,12.83,12.97,12.58,12.67,15522400,300229,拓尔思,SZ
2022-07-25,sz.300229,12.69,13.16,12.56,13.05,21860419,300229,拓尔思,SZ
2022-07-26,sz.300229,13.35,13.94,12.75,12.8,27386040,300229,拓尔思,SZ
2022-07-27,sz.300229,12.95,13.14,12.77,12.96,16251250,300229,拓尔思,SZ
2022-07-28,sz.300229,13.05,13.33,12.94,13.25,17586850,300229,拓尔思,SZ
2022-07-29,sz.300229,13.41,14.02,13.22,13.88,30321750,300229,拓尔思,SZ
2022-08-01,sz.300229,13.69,14.05,13.51,13.82,21485910,300229,拓尔思,SZ
2022-08-02,sz.300229,13.59,13.75,12.8,12.95,28456248,300229,拓尔思,SZ
2022-08-03,sz.300229,13.08,13.65,13.08,13.13,21018767,300229,拓尔思,SZ
2022-08-04,sz.300229,13.28,13.44,12.91,13.1,12669718,300229,拓尔思,SZ
2022-08-05,sz.300229,13.2,13.53,13.2,13.51,13420100,300229,拓尔思,SZ
2022-08-08,sz.300229,13.5,13.62,13.23,13.51,8909635,300229,拓尔思,SZ
2022-08-09,sz.300229,13.57,13.68,13.22,13.4,10366779,300229,拓尔思,SZ
2022-08-10,sz.300229,13.32,13.67,13.23,13.67,10878771,300229,拓尔思,SZ
2022-08-11,sz.300229,13.68,14.29,13.58,13.98,17823855,300229,拓尔思,SZ
2022-08-12,sz.300229,14.09,15.0,14.09,14.53,29796174,300229,拓尔思,SZ
2022-08-15,sz.300229,14.55,14.89,14.28,14.66,19528469,300229,拓尔思,SZ
2022-08-16,sz.300229,14.51,15.1,14.22,14.29,22217530,300229,拓尔思,SZ
2022-08-17,sz.300229,14.3,14.64,14.0,14.51,15906997,300229,拓尔思,SZ
2022-08-18,sz.300229,14.5,14.66,14.3,14.61,10397200,300229,拓尔思,SZ
2022-08-19,sz.300229,14.52,14.7,14.24,14.38,10697360,300229,拓尔思,SZ
2022-08-22,sz.300229,14.16,14.56,14.0,14.4,8132487,300229,拓尔思,SZ
2022-08-23,sz.300229,14.39,15.03,14.31,14.9,14150006,300229,拓尔思,SZ
2022-08-24,sz.300229,14.82,14.9,13.58,13.7,22400451,300229,拓尔思,SZ
2022-08-25,sz.300229,13.77,13.88,13.4,13.65,12644958,300229,拓尔思,SZ
2022-08-26,sz.300229,13.71,14.15,13.56,13.66,10785920,300229,拓尔思,SZ
2022-08-29,sz.300229,13.53,13.6,13.0,13.52,9073800,300229,拓尔思,SZ
2022-08-30,sz.300229,13.5,13.79,13.4,13.54,8132555,300229,拓尔思,SZ
2022-08-31,sz.300229,13.45,13.54,12.78,13.02,14554320,300229,拓尔思,SZ
2022-09-01,sz.300229,12.99,13.18,12.52,12.53,13623050,300229,拓尔思,SZ
2022-09-02,sz.300229,12.8,13.17,12.59,12.91,9064465,300229,拓尔思,SZ
2022-09-05,sz.300229,12.98,12.98,12.6,12.69,7789575,300229,拓尔思,SZ
2022-09-06,sz.300229,12.72,12.87,12.4,12.71,6993296,300229,拓尔思,SZ
2022-09-07,sz.300229,12.68,12.98,12.6,12.9,8452595,300229,拓尔思,SZ
2022-09-08,sz.300229,12.96,13.0,12.42,12.44,9215748,300229,拓尔思,SZ
2022-09-09,sz.300229,12.43,12.71,12.41,12.54,6700809,300229,拓尔思,SZ
2022-09-13,sz.300229,12.57,12.82,12.47,12.55,4678949,300229,拓尔思,SZ
2022-09-14,sz.300229,12.3,12.49,12.2,12.36,7396469,300229,拓尔思,SZ
2022-09-15,sz.300229,12.37,12.58,11.85,11.99,8595750,300229,拓尔思,SZ
2022-09-16,sz.300229,12.01,12.15,11.7,11.74,8912720,300229,拓尔思,SZ
2022-09-19,sz.300229,11.72,11.82,10.98,11.26,23350972,300229,拓尔思,SZ
2022-09-20,sz.300229,11.37,11.57,11.14,11.28,8211956,300229,拓尔思,SZ
2022-09-21,sz.300229,11.2,11.32,10.95,11.24,6839340,300229,拓尔思,SZ
2022-09-22,sz.300229,11.25,11.55,11.08,11.36,11194190,300229,拓尔思,SZ
2022-09-23,sz.300229,11.29,11.38,10.78,10.93,9392650,300229,拓尔思,SZ
2022-09-26,sz.300229,10.78,10.96,10.49,10.53,11376999,300229,拓尔思,SZ
2022-09-27,sz.300229,10.53,10.74,10.46,10.65,9455503,300229,拓尔思,SZ
2022-09-28,sz.300229,10.59,10.6,10.15,10.17,9838863,300229,拓尔思,SZ
2022-09-29,sz.300229,10.29,10.36,9.98,10.08,8945140,300229,拓尔思,SZ
2022-09-30,sz.300229,10.13,10.19,9.87,9.9,8176008,300229,拓尔思,SZ
2022-10-10,sz.300229,9.88,9.95,9.7,9.76,6880136,300229,拓尔思,SZ
2022-10-11,sz.300229,9.77,9.9,9.67,9.74,7217000,300229,拓尔思,SZ
2022-10-12,sz.300229,9.8,10.26,9.7,10.22,11963580,300229,拓尔思,SZ
2022-10-13,sz.300229,10.15,10.67,10.12,10.43,19154890,300229,拓尔思,SZ
2022-10-14,sz.300229,10.49,10.74,10.39,10.62,13266250,300229,拓尔思,SZ
2022-10-17,sz.300229,10.5,11.12,10.5,11.08,15188540,300229,拓尔思,SZ
2022-10-18,sz.300229,11.09,11.13,10.92,11.0,9703139,300229,拓尔思,SZ
2022-10-19,sz.300229,10.96,11.12,10.75,10.94,8678700,300229,拓尔思,SZ
2022-10-20,sz.300229,10.91,11.2,10.72,10.91,10654592,300229,拓尔思,SZ
2022-10-21,sz.300229,10.96,11.07,10.78,10.93,8611650,300229,拓尔思,SZ
2022-10-24,sz.300229,11.07,11.32,10.76,10.88,12825376,300229,拓尔思,SZ
2022-10-25,sz.300229,10.65,10.77,10.25,10.37,15728130,300229,拓尔思,SZ
2022-10-26,sz.300229,10.4,11.23,10.4,11.08,18377669,300229,拓尔思,SZ
2022-10-27,sz.300229,11.3,11.53,11.09,11.18,20856550,300229,拓尔思,SZ
2022-10-28,sz.300229,11.25,11.59,11.0,11.14,25344647,300229,拓尔思,SZ
2022-10-31,sz.300229,11.94,12.24,11.45,11.87,41907723,300229,拓尔思,SZ
2022-11-01,sz.300229,12.1,12.32,11.75,12.11,37715106,300229,拓尔思,SZ
2022-11-02,sz.300229,12.36,13.1,12.26,12.9,47897437,300229,拓尔思,SZ
2022-11-03,sz.300229,12.69,13.0,12.16,12.33,32565121,300229,拓尔思,SZ
2022-11-04,sz.300229,12.34,12.5,12.07,12.33,22660844,300229,拓尔思,SZ
2022-11-07,sz.300229,12.33,12.77,12.31,12.63,25612900,300229,拓尔思,SZ
2022-11-08,sz.300229,12.55,12.63,12.22,12.55,18729581,300229,拓尔思,SZ
2022-11-09,sz.300229,12.55,12.68,12.23,12.48,14888970,300229,拓尔思,SZ
2022-11-10,sz.300229,12.53,13.19,12.5,13.06,39339279,300229,拓尔思,SZ
2022-11-11,sz.300229,13.27,13.27,12.56,12.66,30584480,300229,拓尔思,SZ
2022-11-14,sz.300229,12.55,12.99,12.39,12.88,19700584,300229,拓尔思,SZ
2022-11-15,sz.300229,12.74,13.55,12.66,13.05,30164240,300229,拓尔思,SZ
2022-11-16,sz.300229,13.45,13.98,13.36,13.57,41462296,300229,拓尔思,SZ
2022-11-17,sz.300229,13.78,13.85,13.25,13.76,34211229,300229,拓尔思,SZ
2022-11-18,sz.300229,13.62,13.97,13.44,13.53,28982089,300229,拓尔思,SZ
2022-11-21,sz.300229,13.38,13.64,13.16,13.39,21127567,300229,拓尔思,SZ
2022-11-22,sz.300229,13.36,13.44,12.95,13.02,22881036,300229,拓尔思,SZ
2022-11-23,sz.300229,12.9,13.05,12.4,12.72,23180768,300229,拓尔思,SZ
2022-11-24,sz.300229,12.74,12.86,12.48,12.53,13189019,300229,拓尔思,SZ
2022-11-25,sz.300229,12.5,12.57,12.15,12.2,15263504,300229,拓尔思,SZ
2022-11-28,sz.300229,12.07,12.36,11.93,12.0,12587829,300229,拓尔思,SZ
2022-11-29,sz.300229,12.02,12.31,11.93,12.24,13425967,300229,拓尔思,SZ
2022-11-30,sz.300229,12.23,12.26,11.9,12.24,12943719,300229,拓尔思,SZ
2022-12-01,sz.300229,12.28,12.72,12.21,12.62,18661715,300229,拓尔思,SZ
2022-12-02,sz.300229,12.58,13.92,12.5,13.27,43184052,300229,拓尔思,SZ
2022-12-05,sz.300229,13.32,13.92,13.16,13.5,29569760,300229,拓尔思,SZ
2022-12-06,sz.300229,13.58,13.69,13.16,13.23,15081866,300229,拓尔思,SZ
2022-12-07,sz.300229,13.25,13.65,13.1,13.3,16333090,300229,拓尔思,SZ
2022-12-08,sz.300229,13.24,13.28,12.51,12.53,21554427,300229,拓尔思,SZ
2022-12-09,sz.300229,12.52,12.89,12.3,12.86,18902753,300229,拓尔思,SZ
2022-12-12,sz.300229,12.87,13.31,12.75,13.29,20237001,300229,拓尔思,SZ
2022-12-13,sz.300229,13.2,13.25,12.59,12.61,14534512,300229,拓尔思,SZ
2022-12-14,sz.300229,12.63,13.05,12.51,12.68,11223747,300229,拓尔思,SZ
2022-12-15,sz.300229,12.68,13.39,12.51,13.16,21604165,300229,拓尔思,SZ
2022-12-16,sz.300229,13.02,13.07,12.47,12.59,15887993,300229,拓尔思,SZ
2022-12-19,sz.300229,12.6,12.66,12.14,12.24,11197970,300229,拓尔思,SZ
2022-12-20,sz.300229,12.56,12.68,11.9,11.99,11977795,300229,拓尔思,SZ
2022-12-21,sz.300229,11.81,12.02,11.41,11.52,13123870,300229,拓尔思,SZ
2022-12-22,sz.300229,11.53,11.68,11.26,11.41,9060297,300229,拓尔思,SZ
2022-12-23,sz.300229,11.33,11.86,11.3,11.67,9677170,300229,拓尔思,SZ
2022-12-26,sz.300229,11.66,11.87,11.6,11.8,7152437,300229,拓尔思,SZ
2022-12-27,sz.300229,11.81,11.87,11.61,11.79,7023579,300229,拓尔思,SZ
2022-12-28,sz.300229,11.76,11.76,11.4,11.5,6916911,300229,拓尔思,SZ
2022-12-29,sz.300229,11.5,11.88,11.44,11.63,9164438,300229,拓尔思,SZ
2022-12-30,sz.300229,11.62,11.94,11.59,11.72,8328499,300229,拓尔思,SZ
2023-01-03,sz.300229,11.79,12.97,11.69,12.9,27203681,300229,拓尔思,SZ
2023-01-04,sz.300229,12.99,13.3,12.83,13.13,27070043,300229,拓尔思,SZ
2023-01-05,sz.300229,13.1,13.22,12.94,13.14,16187117,300229,拓尔思,SZ
2023-01-06,sz.300229,13.13,13.21,12.9,13.01,11903589,300229,拓尔思,SZ
2023-01-09,sz.300229,13.01,13.37,12.9,13.17,16958840,300229,拓尔思,SZ
2023-01-10,sz.300229,13.13,13.32,12.9,13.13,14312001,300229,拓尔思,SZ
2023-01-11,sz.300229,13.15,13.17,12.7,12.8,15384882,300229,拓尔思,SZ
2023-01-12,sz.300229,12.85,13.1,12.69,12.93,12808363,300229,拓尔思,SZ
2023-01-13,sz.300229,12.99,13.01,12.65,12.78,10613932,300229,拓尔思,SZ
2023-01-16,sz.300229,12.87,13.26,12.81,12.91,16071376,300229,拓尔思,SZ
2023-01-17,sz.300229,12.9,12.97,12.68,12.78,11036111,300229,拓尔思,SZ
2023-01-18,sz.300229,12.8,13.19,12.71,13.11,16331412,300229,拓尔思,SZ
2023-01-19,sz.300229,13.11,13.41,13.04,13.33,23471728,300229,拓尔思,SZ
2023-01-20,sz.300229,13.33,13.76,13.25,13.48,19020370,300229,拓尔思,SZ
2023-01-30,sz.300229,16.18,16.18,14.92,16.18,145814445,300229,拓尔思,SZ
2023-01-31,sz.300229,16.88,17.25,16.09,16.6,160149590,300229,拓尔思,SZ
2023-02-01,sz.300229,16.33,19.19,16.33,18.19,162748141,300229,拓尔思,SZ
2023-02-02,sz.300229,17.91,18.63,17.4,17.4,135954153,300229,拓尔思,SZ
2023-02-03,sz.300229,17.55,18.78,17.51,18.41,122826264,300229,拓尔思,SZ
2023-02-06,sz.300229,18.96,21.4,18.4,20.0,132452994,300229,拓尔思,SZ
2023-02-07,sz.300229,19.22,21.41,18.96,19.2,134147180,300229,拓尔思,SZ
2023-02-08,sz.300229,19.2,20.11,19.15,19.5,106763443,300229,拓尔思,SZ
2023-02-09,sz.300229,18.62,19.61,18.4,19.56,94094113,300229,拓尔思,SZ
2023-02-10,sz.300229,19.41,21.55,19.3,20.4,132161176,300229,拓尔思,SZ
2023-02-13,sz.300229,20.21,24.48,20.05,23.98,165921170,300229,拓尔思,SZ
2023-02-14,sz.300229,23.37,23.44,22.21,22.54,120975927,300229,拓尔思,SZ
2023-02-15,sz.300229,22.71,24.26,22.4,23.62,142573424,300229,拓尔思,SZ
2023-02-16,sz.300229,22.92,25.5,22.91,24.47,153945365,300229,拓尔思,SZ
2023-02-17,sz.300229,23.77,24.3,22.25,22.86,114987825,300229,拓尔思,SZ
2023-02-20,sz.300229,23.08,24.05,22.68,23.7,113994708,300229,拓尔思,SZ
2023-02-21,sz.300229,23.0,23.8,21.41,21.8,130980025,300229,拓尔思,SZ
2023-02-22,sz.300229,21.95,24.63,21.94,23.86,165173660,300229,拓尔思,SZ
2023-02-23,sz.300229,23.55,23.6,21.53,22.03,114163539,300229,拓尔思,SZ
2023-02-24,sz.300229,22.5,23.67,22.04,23.23,119186150,300229,拓尔思,SZ
2023-02-27,sz.300229,23.05,24.3,22.49,22.63,100312183,300229,拓尔思,SZ
2023-02-28,sz.300229,23.19,24.2,21.71,24.2,154918049,300229,拓尔思,SZ
2023-03-01,sz.300229,24.0,25.66,23.58,23.72,203761370,300229,拓尔思,SZ
2023-03-02,sz.300229,23.26,25.38,23.26,25.0,160708791,300229,拓尔思,SZ
2023-03-03,sz.300229,24.2,25.8,23.74,24.53,154747752,300229,拓尔思,SZ
2023-03-06,sz.300229,24.2,24.59,22.87,23.61,108269649,300229,拓尔思,SZ
2023-03-07,sz.300229,23.52,24.48,23.11,23.51,90618070,300229,拓尔思,SZ
2023-03-08,sz.300229,23.35,23.68,21.81,22.71,105051628,300229,拓尔思,SZ
2023-03-09,sz.300229,23.5,24.54,23.5,23.57,138315600,300229,拓尔思,SZ
2023-03-10,sz.300229,23.11,24.2,22.48,22.56,109069291,300229,拓尔思,SZ
2023-03-13,sz.300229,22.23,23.59,21.89,23.42,110982838,300229,拓尔思,SZ
2023-03-14,sz.300229,23.34,23.75,22.5,22.62,98359278,300229,拓尔思,SZ
2023-03-15,sz.300229,23.11,23.18,21.06,21.26,107455329,300229,拓尔思,SZ
2023-03-16,sz.300229,21.0,21.9,20.75,21.2,83506750,300229,拓尔思,SZ
2023-03-17,sz.300229,21.3,22.66,21.3,22.4,105993869,300229,拓尔思,SZ
2023-03-20,sz.300229,23.28,24.12,22.54,22.59,120230307,300229,拓尔思,SZ
2023-03-21,sz.300229,22.74,24.48,22.12,24.43,140624046,300229,拓尔思,SZ
2023-03-22,sz.300229,24.18,25.45,23.86,25.14,142418704,300229,拓尔思,SZ
2023-03-23,sz.300229,25.31,28.52,25.31,27.38,168803475,300229,拓尔思,SZ
2023-03-24,sz.300229,27.45,29.88,27.11,28.73,161229762,300229,拓尔思,SZ
2023-03-27,sz.300229,28.71,30.33,27.1,29.3,162010042,300229,拓尔思,SZ
2023-03-28,sz.300229,28.9,30.92,27.83,29.92,152037225,300229,拓尔思,SZ
2023-03-29,sz.300229,29.93,32.25,29.19,29.6,160596861,300229,拓尔思,SZ
2023-03-30,sz.300229,29.6,30.2,27.9,29.06,146006923,300229,拓尔思,SZ
2023-03-31,sz.300229,29.13,31.98,28.8,31.65,154899342,300229,拓尔思,SZ
2023-04-03,sz.300229,31.7,34.33,31.3,33.8,162487864,300229,拓尔思,SZ
2023-04-04,sz.300229,33.34,35.65,32.5,33.6,124340371,300229,拓尔思,SZ
2023-04-06,sz.300229,32.33,33.87,30.02,30.16,154481736,300229,拓尔思,SZ
2023-04-07,sz.300229,30.02,30.65,28.6,30.25,117160235,300229,拓尔思,SZ
2023-04-10,sz.300229,29.5,29.7,26.75,26.98,122067769,300229,拓尔思,SZ
2023-04-11,sz.300229,27.45,28.15,26.9,27.65,90820459,300229,拓尔思,SZ
2023-04-12,sz.300229,27.95,28.5,27.6,27.87,110989841,300229,拓尔思,SZ
2023-04-13,sz.300229,27.9,28.96,27.38,27.5,97177337,300229,拓尔思,SZ
2023-04-14,sz.300229,27.52,27.99,25.58,26.79,99701071,300229,拓尔思,SZ
2023-04-17,sz.300229,26.04,26.42,25.3,25.9,73876207,300229,拓尔思,SZ
2023-04-18,sz.300229,25.98,26.97,25.65,26.62,88207193,300229,拓尔思,SZ
2023-04-19,sz.300229,26.2,27.12,25.88,26.06,86096581,300229,拓尔思,SZ
2023-04-20,sz.300229,25.85,27.55,25.56,27.5,111588198,300229,拓尔思,SZ
2023-04-21,sz.300229,27.3,28.41,25.92,26.18,100985546,300229,拓尔思,SZ
2023-04-24,sz.300229,26.2,26.7,24.52,25.01,92078257,300229,拓尔思,SZ
2023-04-25,sz.300229,25.01,26.37,24.6,25.98,89960571,300229,拓尔思,SZ
2023-04-26,sz.300229,25.71,26.11,21.9,22.47,127575622,300229,拓尔思,SZ
2023-04-27,sz.300229,22.61,22.88,21.48,21.94,75488704,300229,拓尔思,SZ
2023-04-28,sz.300229,22.09,23.44,22.09,23.2,79043436,300229,拓尔思,SZ
2023-05-04,sz.300229,22.81,23.16,21.69,22.29,70596435,300229,拓尔思,SZ
2023-05-05,sz.300229,22.45,23.33,22.29,22.8,76211481,300229,拓尔思,SZ
2023-05-08,sz.300229,22.5,23.97,22.2,23.42,75102181,300229,拓尔思,SZ
2023-05-09,sz.300229,23.63,25.0,23.55,24.59,105982021,300229,拓尔思,SZ
2023-05-10,sz.300229,25.0,27.94,24.99,27.1,151304014,300229,拓尔思,SZ
2023-05-11,sz.300229,27.0,27.33,24.66,26.66,127509503,300229,拓尔思,SZ
2023-05-12,sz.300229,26.0,27.8,25.2,27.23,110975207,300229,拓尔思,SZ
2023-05-15,sz.300229,27.78,28.03,26.62,26.88,87857468,300229,拓尔思,SZ
2023-05-16,sz.300229,26.4,26.5,23.68,23.7,101037447,300229,拓尔思,SZ
2023-05-17,sz.300229,23.5,24.66,23.35,24.26,61108644,300229,拓尔思,SZ
2023-05-18,sz.300229,24.0,29.11,23.51,29.11,190770274,300229,拓尔思,SZ
2023-05-19,sz.300229,29.1,29.68,27.98,28.2,133487595,300229,拓尔思,SZ
2023-05-22,sz.300229,28.62,29.25,27.74,28.1,97898591,300229,拓尔思,SZ
2023-05-23,sz.300229,27.73,27.86,25.91,27.0,93991237,300229,拓尔思,SZ
2023-05-24,sz.300229,27.03,29.32,26.59,28.73,128767381,300229,拓尔思,SZ
2023-05-25,sz.300229,28.63,28.92,26.85,28.15,107568907,300229,拓尔思,SZ
2023-05-26,sz.300229,28.51,31.3,28.43,29.98,139309860,300229,拓尔思,SZ
2023-05-29,sz.300229,30.29,30.68,29.0,29.0,106632101,300229,拓尔思,SZ
2023-05-30,sz.300229,28.85,31.36,28.48,31.2,127994663,300229,拓尔思,SZ
2023-05-31,sz.300229,31.26,32.85,30.67,32.44,125814326,300229,拓尔思,SZ
2023-06-01,sz.300229,31.71,33.85,31.4,31.62,128432853,300229,拓尔思,SZ
2023-06-02,sz.300229,32.21,32.98,31.44,31.44,85407563,300229,拓尔思,SZ
2023-06-05,sz.300229,31.28,31.7,30.57,31.11,69704225,300229,拓尔思,SZ
2023-06-06,sz.300229,31.11,31.45,29.23,29.23,77979738,300229,拓尔思,SZ
2023-06-07,sz.300229,29.3,29.73,28.81,29.57,61796081,300229,拓尔思,SZ
2023-06-08,sz.300229,28.9,29.28,27.36,29.01,69586370,300229,拓尔思,SZ
2023-06-09,sz.300229,29.01,30.2,28.7,30.18,71238592,300229,拓尔思,SZ
2023-06-12,sz.300229,29.73,30.64,29.26,29.47,63076324,300229,拓尔思,SZ
2023-06-13,sz.300229,29.13,31.5,28.41,30.79,95744106,300229,拓尔思,SZ
2023-06-14,sz.300229,30.5,31.75,30.37,31.38,82850991,300229,拓尔思,SZ
2023-06-15,sz.300229,31.9,32.4,30.42,30.48,69133701,300229,拓尔思,SZ
2023-06-16,sz.300229,30.01,31.95,29.8,31.35,77464013,300229,拓尔思,SZ
2023-06-19,sz.300229,31.22,32.88,30.66,32.74,104057545,300229,拓尔思,SZ
2023-06-20,sz.300229,32.7,33.89,31.77,33.08,107047528,300229,拓尔思,SZ
2023-06-21,sz.300229,32.39,34.8,31.01,32.0,101668073,300229,拓尔思,SZ
2023-06-26,sz.300229,31.21,32.94,30.9,31.01,76148713,300229,拓尔思,SZ
2023-06-27,sz.300229,30.94,31.33,28.8,29.5,72601454,300229,拓尔思,SZ
2023-06-28,sz.300229,29.11,29.21,25.71,26.52,85229790,300229,拓尔思,SZ
2023-06-29,sz.300229,27.0,27.5,26.02,26.54,61426710,300229,拓尔思,SZ
2023-06-30,sz.300229,26.81,27.26,24.88,25.97,82071696,300229,拓尔思,SZ
2023-07-03,sz.300229,26.0,26.69,25.54,26.07,58590691,300229,拓尔思,SZ
2023-07-04,sz.300229,25.7,25.97,25.46,25.83,47254510,300229,拓尔思,SZ
2023-07-05,sz.300229,25.93,26.21,24.9,24.9,48502567,300229,拓尔思,SZ
2023-07-06,sz.300229,24.87,25.96,24.85,25.5,47919469,300229,拓尔思,SZ
2023-07-07,sz.300229,25.3,25.5,23.91,24.58,50941151,300229,拓尔思,SZ
2023-07-10,sz.300229,24.69,24.9,23.98,24.05,31724941,300229,拓尔思,SZ
2023-07-11,sz.300229,23.95,24.39,23.65,23.76,39323819,300229,拓尔思,SZ
2023-07-12,sz.300229,23.8,23.8,22.68,22.73,47142438,300229,拓尔思,SZ
2023-07-13,sz.300229,23.0,23.53,22.5,23.34,46376222,300229,拓尔思,SZ
2023-07-14,sz.300229,23.53,25.4,23.35,24.93,80533745,300229,拓尔思,SZ
2023-07-17,sz.300229,24.8,25.2,24.43,24.71,47109961,300229,拓尔思,SZ
2023-07-18,sz.300229,24.58,24.68,23.9,23.9,32468279,300229,拓尔思,SZ
2023-07-19,sz.300229,24.28,24.51,23.72,23.85,28574179,300229,拓尔思,SZ
2023-07-20,sz.300229,23.6,23.8,22.84,22.9,33786490,300229,拓尔思,SZ
2023-07-21,sz.300229,22.75,23.35,22.61,22.79,22573867,300229,拓尔思,SZ
2023-07-24,sz.300229,22.65,23.41,22.46,22.93,24063801,300229,拓尔思,SZ
2023-07-25,sz.300229,23.27,23.79,22.93,23.4,34259941,300229,拓尔思,SZ
2023-07-26,sz.300229,23.21,23.4,22.6,22.62,26928813,300229,拓尔思,SZ
2023-07-27,sz.300229,22.31,22.69,22.1,22.13,21554364,300229,拓尔思,SZ
2023-07-28,sz.300229,22.0,22.26,21.73,22.02,21541052,300229,拓尔思,SZ
2023-07-31,sz.300229,21.96,22.6,21.67,22.21,24169094,300229,拓尔思,SZ
2023-08-01,sz.300229,22.2,22.31,21.73,21.93,25916438,300229,拓尔思,SZ
2023-08-02,sz.300229,21.8,22.12,21.6,22.1,21416052,300229,拓尔思,SZ
2023-08-03,sz.300229,21.81,22.2,21.73,21.9,19888244,300229,拓尔思,SZ
2023-08-04,sz.300229,21.92,22.66,21.88,22.57,39588285,300229,拓尔思,SZ
2023-08-07,sz.300229,22.68,23.6,22.57,23.39,51594239,300229,拓尔思,SZ
2023-08-08,sz.300229,22.78,22.99,21.45,21.46,61156779,300229,拓尔思,SZ
2023-08-09,sz.300229,21.02,21.22,20.42,20.64,45497153,300229,拓尔思,SZ
2023-08-10,sz.300229,20.65,21.1,20.49,20.78,22225933,300229,拓尔思,SZ
2023-08-11,sz.300229,20.7,21.09,20.48,20.48,20897064,300229,拓尔思,SZ
2023-08-14,sz.300229,20.09,21.29,20.01,21.22,31506168,300229,拓尔思,SZ
2023-08-15,sz.300229,21.3,21.33,20.73,20.88,18883216,300229,拓尔思,SZ
2023-08-16,sz.300229,20.91,20.94,20.03,20.1,28009161,300229,拓尔思,SZ
2023-08-17,sz.300229,20.03,20.56,19.86,20.42,24473615,300229,拓尔思,SZ
2023-08-18,sz.300229,20.37,20.52,19.63,19.63,25551839,300229,拓尔思,SZ
2023-08-21,sz.300229,19.59,20.15,19.54,19.63,20477639,300229,拓尔思,SZ
2023-08-22,sz.300229,20.23,20.71,19.86,20.69,41268078,300229,拓尔思,SZ
2023-08-23,sz.300229,20.41,20.62,20.06,20.07,29617507,300229,拓尔思,SZ
2023-08-24,sz.300229,20.28,20.54,19.7,19.71,34912761,300229,拓尔思,SZ
2023-08-25,sz.300229,19.3,19.45,18.54,18.68,39092711,300229,拓尔思,SZ
2023-08-28,sz.300229,19.98,20.09,18.9,18.97,37374193,300229,拓尔思,SZ
2023-08-29,sz.300229,18.97,19.74,18.86,19.55,39004161,300229,拓尔思,SZ
2023-08-30,sz.300229,19.51,20.8,19.41,20.52,67363414,300229,拓尔思,SZ
2023-08-31,sz.300229,20.88,21.38,20.48,20.56,67291689,300229,拓尔思,SZ
2023-09-01,sz.300229,20.24,20.5,19.96,20.11,33167127,300229,拓尔思,SZ
2023-09-04,sz.300229,20.29,20.63,20.0,20.59,33752971,300229,拓尔思,SZ
2023-09-05,sz.300229,20.4,20.63,19.91,20.02,33465905,300229,拓尔思,SZ
2023-09-06,sz.300229,19.9,19.99,19.53,19.84,25058528,300229,拓尔思,SZ
2023-09-07,sz.300229,19.8,19.96,19.39,19.41,23286512,300229,拓尔思,SZ
2023-09-08,sz.300229,19.25,19.46,18.81,18.9,24870297,300229,拓尔思,SZ
2023-09-11,sz.300229,19.06,19.88,18.9,19.5,34797050,300229,拓尔思,SZ
2023-09-12,sz.300229,19.36,19.84,19.3,19.58,22724573,300229,拓尔思,SZ
2023-09-13,sz.300229,19.41,19.47,18.47,18.61,30356463,300229,拓尔思,SZ
2023-09-14,sz.300229,18.65,18.77,18.32,18.46,18755680,300229,拓尔思,SZ
2023-09-15,sz.300229,18.5,18.64,17.99,18.02,20312601,300229,拓尔思,SZ
2023-09-18,sz.300229,17.88,18.32,17.84,18.0,16341042,300229,拓尔思,SZ
2023-09-19,sz.300229,17.87,17.99,17.4,17.44,20842871,300229,拓尔思,SZ
2023-09-20,sz.300229,17.46,17.74,17.32,17.36,15971151,300229,拓尔思,SZ
2023-09-21,sz.300229,17.36,17.6,17.23,17.26,14562547,300229,拓尔思,SZ
2023-09-22,sz.300229,17.34,18.68,17.25,18.49,50446197,300229,拓尔思,SZ
2023-09-25,sz.300229,18.46,18.76,18.37,18.42,30223713,300229,拓尔思,SZ
2023-09-26,sz.300229,18.6,19.49,18.51,19.01,50993668,300229,拓尔思,SZ
2023-09-27,sz.300229,18.71,19.75,18.69,19.36,49080194,300229,拓尔思,SZ
2023-09-28,sz.300229,19.4,19.7,19.35,19.41,29651386,300229,拓尔思,SZ
2023-10-09,sz.300229,19.33,19.55,19.04,19.17,23558573,300229,拓尔思,SZ
2023-10-10,sz.300229,19.3,19.58,19.06,19.28,29580207,300229,拓尔思,SZ
2023-10-11,sz.300229,19.23,19.94,19.08,19.52,32182275,300229,拓尔思,SZ
2023-10-12,sz.300229,19.53,19.74,19.04,19.14,22567611,300229,拓尔思,SZ
2023-10-13,sz.300229,19.14,19.16,18.66,18.72,20845554,300229,拓尔思,SZ
2023-10-16,sz.300229,18.88,18.89,18.34,18.48,16778274,300229,拓尔思,SZ
2023-10-17,sz.300229,18.6,18.62,17.9,18.2,16491993,300229,拓尔思,SZ
2023-10-18,sz.300229,18.05,18.12,17.37,17.7,19455866,300229,拓尔思,SZ
2023-10-19,sz.300229,17.7,18.17,17.54,17.55,20510709,300229,拓尔思,SZ
2023-10-20,sz.300229,17.52,17.75,16.82,16.92,19609011,300229,拓尔思,SZ
2023-10-23,sz.300229,16.86,17.22,15.95,16.06,20849706,300229,拓尔思,SZ
2023-10-24,sz.300229,16.29,16.74,16.1,16.4,22249899,300229,拓尔思,SZ
2023-10-25,sz.300229,16.59,16.98,16.35,16.67,20601968,300229,拓尔思,SZ
2023-10-26,sz.300229,16.52,16.98,16.29,16.89,21949576,300229,拓尔思,SZ
2023-10-27,sz.300229,16.8,16.8,16.3,16.56,23649518,300229,拓尔思,SZ
2023-10-30,sz.300229,16.5,16.96,16.4,16.91,20242286,300229,拓尔思,SZ
2023-10-31,sz.300229,16.64,16.67,15.86,16.08,40087548,300229,拓尔思,SZ
2023-11-01,sz.300229,16.1,16.3,15.82,15.82,20087519,300229,拓尔思,SZ
2023-11-02,sz.300229,15.93,16.3,15.77,15.89,22812436,300229,拓尔思,SZ
2023-11-03,sz.300229,15.99,16.6,15.99,16.38,27069760,300229,拓尔思,SZ
2023-11-06,sz.300229,16.55,17.1,16.45,17.09,31024974,300229,拓尔思,SZ
2023-11-07,sz.300229,17.11,17.5,16.97,17.37,29367798,300229,拓尔思,SZ
2023-11-08,sz.300229,17.43,17.97,17.36,17.8,37533741,300229,拓尔思,SZ
2023-11-09,sz.300229,17.54,17.92,17.5,17.71,25618628,300229,拓尔思,SZ
2023-11-10,sz.300229,17.6,17.77,17.25,17.25,18630222,300229,拓尔思,SZ
2023-11-13,sz.300229,17.38,18.11,17.34,17.91,33200269,300229,拓尔思,SZ
2023-11-14,sz.300229,18.03,18.5,17.96,18.36,36215963,300229,拓尔思,SZ
2023-11-15,sz.300229,18.6,18.6,17.99,18.06,27946374,300229,拓尔思,SZ
2023-11-16,sz.300229,17.88,18.24,17.83,17.98,18964222,300229,拓尔思,SZ
2023-11-17,sz.300229,17.9,18.88,17.86,18.26,43824241,300229,拓尔思,SZ
2023-11-20,sz.300229,18.1,18.52,17.86,18.33,35158749,300229,拓尔思,SZ
2023-11-21,sz.300229,18.41,18.64,18.03,18.05,25803053,300229,拓尔思,SZ
2023-11-22,sz.300229,18.3,19.09,18.14,18.17,57084337,300229,拓尔思,SZ
2023-11-23,sz.300229,17.9,18.04,17.43,17.94,33564726,300229,拓尔思,SZ
2023-11-24,sz.300229,18.09,18.09,17.04,17.14,28727913,300229,拓尔思,SZ
2023-11-27,sz.300229,17.25,17.63,17.1,17.2,18551449,300229,拓尔思,SZ
2023-11-28,sz.300229,17.18,17.26,16.87,17.12,14956561,300229,拓尔思,SZ
2023-11-29,sz.300229,17.12,17.2,16.8,16.83,16344512,300229,拓尔思,SZ
2023-11-30,sz.300229,16.87,16.93,16.36,16.53,15600985,300229,拓尔思,SZ
2023-12-01,sz.300229,16.61,18.31,16.52,18.1,49430303,300229,拓尔思,SZ
2023-12-04,sz.300229,17.77,18.22,17.77,17.87,32064022,300229,拓尔思,SZ
2023-12-05,sz.300229,17.71,17.88,16.89,16.91,25763333,300229,拓尔思,SZ
2023-12-06,sz.300229,16.8,17.33,16.65,17.04,24086257,300229,拓尔思,SZ
2023-12-07,sz.300229,16.9,19.65,16.9,18.87,99201185,300229,拓尔思,SZ
2023-12-08,sz.300229,19.0,19.88,18.84,19.28,105503114,300229,拓尔思,SZ
2023-12-11,sz.300229,19.18,19.56,19.0,19.52,71372852,300229,拓尔思,SZ
2023-12-12,sz.300229,19.57,19.97,19.1,19.97,79939472,300229,拓尔思,SZ
2023-12-13,sz.300229,19.58,20.98,19.39,19.71,113408498,300229,拓尔思,SZ
2023-12-14,sz.300229,19.61,20.04,19.02,19.12,68341235,300229,拓尔思,SZ
2023-12-15,sz.300229,19.22,19.38,18.6,19.03,43282347,300229,拓尔思,SZ
2023-12-18,sz.300229,18.98,19.35,18.41,18.53,36157451,300229,拓尔思,SZ
2023-12-19,sz.300229,18.4,19.01,18.33,18.86,32945110,300229,拓尔思,SZ
2023-12-20,sz.300229,18.84,18.84,17.8,17.82,38097727,300229,拓尔思,SZ
2023-12-21,sz.300229,17.57,18.59,17.32,18.34,43298597,300229,拓尔思,SZ
2023-12-22,sz.300229,18.16,18.33,16.92,17.09,44879104,300229,拓尔思,SZ
2023-12-25,sz.300229,17.1,17.38,16.7,16.91,23838045,300229,拓尔思,SZ
2023-12-26,sz.300229,16.9,16.91,15.98,16.11,29314885,300229,拓尔思,SZ
2023-12-27,sz.300229,16.15,16.24,15.84,16.02,25115928,300229,拓尔思,SZ
2023-12-28,sz.300229,16.0,16.57,15.58,16.43,29554847,300229,拓尔思,SZ
2023-12-29,sz.300229,16.39,16.89,16.32,16.86,26607744,300229,拓尔思,SZ
2024-01-02,sz.300229,16.78,16.9,16.33,16.33,22622089,300229,拓尔思,SZ
2024-01-03,sz.300229,16.29,16.34,15.83,16.01,20486135,300229,拓尔思,SZ
2024-01-04,sz.300229,16.0,16.0,15.59,15.77,14706895,300229,拓尔思,SZ
2024-01-05,sz.300229,15.88,15.9,15.08,15.22,23731127,300229,拓尔思,SZ
2024-01-08,sz.300229,15.17,15.26,14.8,14.8,14776269,300229,拓尔思,SZ
2024-01-09,sz.300229,14.91,15.07,14.61,14.78,15759075,300229,拓尔思,SZ
2024-01-10,sz.300229,14.63,14.73,14.29,14.29,15716005,300229,拓尔思,SZ
2024-01-11,sz.300229,14.29,15.13,14.28,15.06,24785310,300229,拓尔思,SZ
2024-01-12,sz.300229,14.99,15.13,14.69,14.69,15703976,300229,拓尔思,SZ
2024-01-15,sz.300229,14.63,14.86,14.48,14.57,11205516,300229,拓尔思,SZ
2024-01-16,sz.300229,14.57,14.57,14.2,14.48,13471828,300229,拓尔思,SZ
2024-01-17,sz.300229,14.39,14.66,14.19,14.19,13320348,300229,拓尔思,SZ
2024-01-18,sz.300229,14.1,14.55,13.78,14.53,26506068,300229,拓尔思,SZ
2024-01-19,sz.300229,14.4,14.65,14.1,14.1,16428740,300229,拓尔思,SZ
2024-01-22,sz.300229,14.2,14.24,13.0,13.21,21646532,300229,拓尔思,SZ
2024-01-23,sz.300229,13.18,14.05,13.11,13.74,22878502,300229,拓尔思,SZ
2024-01-24,sz.300229,13.85,14.1,13.44,14.02,21999816,300229,拓尔思,SZ
2024-01-25,sz.300229,14.0,14.55,13.82,14.51,27560609,300229,拓尔思,SZ
2024-01-26,sz.300229,14.52,14.81,14.3,14.32,24074353,300229,拓尔思,SZ
2024-01-29,sz.300229,14.07,14.16,13.39,13.42,26826626,300229,拓尔思,SZ
2024-01-30,sz.300229,13.3,13.66,13.04,13.06,16177318,300229,拓尔思,SZ
2024-01-31,sz.300229,12.98,13.09,11.88,11.95,28598265,300229,拓尔思,SZ
2024-02-01,sz.300229,12.05,12.63,11.83,12.2,24673557,300229,拓尔思,SZ
2024-02-02,sz.300229,12.18,12.54,10.99,11.55,26149047,300229,拓尔思,SZ
2024-02-05,sz.300229,11.55,11.7,9.89,10.06,36634169,300229,拓尔思,SZ
2024-02-06,sz.300229,10.05,11.04,9.56,10.81,36240890,300229,拓尔思,SZ
2024-02-07,sz.300229,10.8,11.57,10.75,11.15,35537133,300229,拓尔思,SZ
2024-02-08,sz.300229,11.23,11.89,11.23,11.88,30383589,300229,拓尔思,SZ
2024-02-19,sz.300229,13.31,13.89,12.85,13.83,66384419,300229,拓尔思,SZ
2024-02-20,sz.300229,13.51,14.18,13.31,13.83,63790290,300229,拓尔思,SZ
2024-02-21,sz.300229,13.46,14.39,13.35,13.8,55994545,300229,拓尔思,SZ
2024-02-22,sz.300229,14.3,15.0,14.19,14.73,65891592,300229,拓尔思,SZ
2024-02-23,sz.300229,14.6,15.05,14.53,15.0,58142344,300229,拓尔思,SZ
2024-02-26,sz.300229,14.73,15.15,14.57,14.78,50731750,300229,拓尔思,SZ
2024-02-27,sz.300229,14.73,16.0,14.65,15.97,72315693,300229,拓尔思,SZ
2024-02-28,sz.300229,15.97,16.16,14.22,14.29,81769087,300229,拓尔思,SZ
2024-02-29,sz.300229,14.16,15.14,14.16,15.11,48850281,300229,拓尔思,SZ
2024-03-01,sz.300229,15.1,16.22,14.99,16.04,72479429,300229,拓尔思,SZ
2024-03-04,sz.300229,16.16,16.81,15.88,16.8,77886555,300229,拓尔思,SZ
2024-03-05,sz.300229,16.4,16.69,15.91,16.1,60566508,300229,拓尔思,SZ
2024-03-06,sz.300229,15.95,16.19,15.6,15.83,39290216,300229,拓尔思,SZ
2024-03-07,sz.300229,15.89,16.39,15.35,15.37,43795189,300229,拓尔思,SZ
2024-03-08,sz.300229,15.37,15.93,15.23,15.83,32695336,300229,拓尔思,SZ
2024-03-11,sz.300229,15.45,16.0,15.28,15.91,36670979,300229,拓尔思,SZ
2024-03-12,sz.300229,16.02,16.18,15.67,15.81,32348840,300229,拓尔思,SZ
2024-03-13,sz.300229,15.97,16.44,15.92,16.09,54000721,300229,拓尔思,SZ
2024-03-14,sz.300229,15.9,16.45,15.71,16.2,47131344,300229,拓尔思,SZ
2024-03-15,sz.300229,16.02,16.21,15.6,16.19,31990654,300229,拓尔思,SZ
2024-03-18,sz.300229,16.5,17.43,16.27,17.3,70685922,300229,拓尔思,SZ
2024-03-19,sz.300229,17.16,17.59,17.0,17.29,53205811,300229,拓尔思,SZ
2024-03-20,sz.300229,17.21,19.5,17.21,19.0,108079488,300229,拓尔思,SZ
2024-03-21,sz.300229,18.82,19.1,18.05,18.13,72374759,300229,拓尔思,SZ
2024-03-22,sz.300229,18.28,18.38,17.21,17.88,62225664,300229,拓尔思,SZ
2024-03-25,sz.300229,18.27,18.72,17.59,17.64,59728203,300229,拓尔思,SZ
2024-03-26,sz.300229,17.34,17.83,16.66,16.8,50297111,300229,拓尔思,SZ
2024-03-27,sz.300229,16.75,16.87,15.35,15.43,48383643,300229,拓尔思,SZ
2024-03-28,sz.300229,15.32,16.58,15.32,16.31,44333492,300229,拓尔思,SZ
2024-03-29,sz.300229,16.23,16.44,15.7,15.91,27306014,300229,拓尔思,SZ
2024-04-01,sz.300229,16.08,16.41,16.05,16.29,24527926,300229,拓尔思,SZ
2024-04-02,sz.300229,16.29,16.3,15.4,15.56,32129122,300229,拓尔思,SZ
2024-04-03,sz.300229,15.44,15.57,14.75,14.79,27588061,300229,拓尔思,SZ
2024-04-08,sz.300229,14.79,14.81,14.27,14.32,20191035,300229,拓尔思,SZ
2024-04-09,sz.300229,14.4,14.6,14.21,14.48,17175326,300229,拓尔思,SZ
2024-04-10,sz.300229,14.48,14.49,13.75,13.88,21274093,300229,拓尔思,SZ
2024-04-11,sz.300229,13.78,16.05,13.75,15.24,58394281,300229,拓尔思,SZ
2024-04-12,sz.300229,15.2,15.35,14.73,14.76,29619127,300229,拓尔思,SZ
2024-04-15,sz.300229,14.69,15.1,14.1,14.39,26437414,300229,拓尔思,SZ
2024-04-16,sz.300229,14.2,14.34,13.24,13.25,27107073,300229,拓尔思,SZ
2024-04-17,sz.300229,13.63,14.43,13.63,14.25,26401617,300229,拓尔思,SZ
2024-04-18,sz.300229,14.16,14.5,13.8,14.1,22089537,300229,拓尔思,SZ
2024-04-19,sz.300229,14.01,14.23,13.7,13.72,18421999,300229,拓尔思,SZ
2024-04-22,sz.300229,13.37,13.69,12.94,13.53,16494687,300229,拓尔思,SZ
2024-04-23,sz.300229,13.65,13.91,13.63,13.74,15102830,300229,拓尔思,SZ
2024-04-24,sz.300229,13.89,14.39,13.77,14.35,22443899,300229,拓尔思,SZ
2024-04-25,sz.300229,14.28,14.32,14.07,14.1,17509408,300229,拓尔思,SZ
2024-04-26,sz.300229,14.4,15.22,14.33,15.15,37176525,300229,拓尔思,SZ
2024-04-29,sz.300229,15.18,15.84,15.16,15.59,33588307,300229,拓尔思,SZ
2024-04-30,sz.300229,15.68,15.97,15.51,15.7,25488355,300229,拓尔思,SZ
2024-05-06,sz.300229,16.15,16.25,15.65,15.68,24451343,300229,拓尔思,SZ
2024-05-07,sz.300229,15.67,16.48,15.66,15.98,34064611,300229,拓尔思,SZ
2024-05-08,sz.300229,15.8,15.81,15.21,15.25,25216186,300229,拓尔思,SZ
2024-05-09,sz.300229,15.25,15.95,15.25,15.82,21728055,300229,拓尔思,SZ
2024-05-10,sz.300229,15.82,16.24,15.62,15.91,30494012,300229,拓尔思,SZ
2024-05-13,sz.300229,15.7,15.86,15.33,15.55,19429327,300229,拓尔思,SZ
2024-05-14,sz.300229,15.84,16.32,15.75,16.32,40349636,300229,拓尔思,SZ
2024-05-15,sz.300229,16.32,16.54,16.02,16.11,30032043,300229,拓尔思,SZ
2024-05-16,sz.300229,16.11,16.65,16.11,16.63,37666492,300229,拓尔思,SZ
2024-05-17,sz.300229,16.8,16.82,16.12,16.28,39489978,300229,拓尔思,SZ
2024-05-20,sz.300229,16.02,16.23,15.42,15.86,32992280,300229,拓尔思,SZ
2024-05-21,sz.300229,15.77,15.97,15.37,15.42,25176400,300229,拓尔思,SZ
2024-05-22,sz.300229,15.5,15.57,15.04,15.32,22037209,300229,拓尔思,SZ
2024-05-23,sz.300229,15.4,15.49,14.78,14.87,24219460,300229,拓尔思,SZ
2024-05-24,sz.300229,14.84,15.01,14.41,14.53,19012524,300229,拓尔思,SZ
2024-05-27,sz.300229,14.7,14.74,14.15,14.73,17302541,300229,拓尔思,SZ
2024-05-28,sz.300229,14.69,14.83,14.29,14.3,14493920,300229,拓尔思,SZ
2024-05-29,sz.300229,14.43,14.6,14.15,14.33,14197792,300229,拓尔思,SZ
2024-05-30,sz.300229,14.43,14.51,14.1,14.38,12239959,300229,拓尔思,SZ
2024-05-31,sz.300229,14.4,14.68,14.37,14.52,15883042,300229,拓尔思,SZ
2024-06-03,sz.300229,14.57,14.59,13.97,14.1,17673950,300229,拓尔思,SZ
2024-06-04,sz.300229,14.11,14.18,13.83,14.06,13082428,300229,拓尔思,SZ
2024-06-05,sz.300229,14.0,14.23,13.88,13.88,10288300,300229,拓尔思,SZ
2024-06-06,sz.300229,13.94,14.07,13.18,13.25,21630813,300229,拓尔思,SZ
2024-06-07,sz.300229,13.36,13.58,13.13,13.4,12383533,300229,拓尔思,SZ
2024-06-11,sz.300229,13.41,13.72,13.23,13.68,14098543,300229,拓尔思,SZ
2024-06-12,sz.300229,13.6,13.97,13.55,13.88,13317714,300229,拓尔思,SZ
2024-06-13,sz.300229,13.87,14.08,13.76,13.82,13089063,300229,拓尔思,SZ
2024-06-14,sz.300229,13.76,14.09,13.68,14.03,14291755,300229,拓尔思,SZ
2024-06-17,sz.300229,13.93,14.16,13.87,14.02,10398049,300229,拓尔思,SZ
2024-06-18,sz.300229,13.98,14.29,13.95,14.22,10934947,300229,拓尔思,SZ
2024-06-19,sz.300229,14.31,14.43,14.1,14.12,13011505,300229,拓尔思,SZ
2024-06-20,sz.300229,14.03,14.15,13.58,13.62,14310991,300229,拓尔思,SZ
2024-06-21,sz.300229,13.58,13.76,13.38,13.63,8562098,300229,拓尔思,SZ
2024-06-24,sz.300229,13.62,13.62,12.91,12.94,13315343,300229,拓尔思,SZ
2024-06-25,sz.300229,12.99,13.16,12.4,12.6,14766155,300229,拓尔思,SZ
2024-06-26,sz.300229,12.55,14.2,12.55,14.16,39111088,300229,拓尔思,SZ
2024-06-27,sz.300229,13.97,14.15,13.68,13.72,25876702,300229,拓尔思,SZ
2024-06-28,sz.300229,13.83,13.95,13.35,13.43,20129906,300229,拓尔思,SZ
2024-07-01,sz.300229,13.43,13.61,13.15,13.52,12335660,300229,拓尔思,SZ
2024-07-02,sz.300229,13.55,14.0,13.55,13.69,18214988,300229,拓尔思,SZ
2024-07-03,sz.300229,13.69,13.69,13.32,13.32,11966100,300229,拓尔思,SZ
2024-07-04,sz.300229,13.38,13.54,12.98,13.02,9707100,300229,拓尔思,SZ
2024-07-05,sz.300229,12.95,13.3,12.79,13.17,11861183,300229,拓尔思,SZ
2024-07-08,sz.300229,13.14,13.14,12.63,12.7,10618077,300229,拓尔思,SZ
2024-07-09,sz.300229,12.75,13.23,12.55,13.16,14427549,300229,拓尔思,SZ
2024-07-10,sz.300229,13.1,13.35,13.01,13.07,11293980,300229,拓尔思,SZ
2024-07-11,sz.300229,13.39,13.48,13.26,13.33,13296855,300229,拓尔思,SZ
2024-07-12,sz.300229,13.21,13.3,13.02,13.03,9750018,300229,拓尔思,SZ
2024-07-15,sz.300229,13.02,13.02,12.77,12.82,8006947,300229,拓尔思,SZ
2024-07-16,sz.300229,12.78,13.11,12.71,13.06,10040900,300229,拓尔思,SZ
2024-07-17,sz.300229,13.01,13.32,12.85,12.86,12354374,300229,拓尔思,SZ
2024-07-18,sz.300229,12.72,12.77,12.28,12.66,13468074,300229,拓尔思,SZ
2024-07-19,sz.300229,12.66,13.01,12.56,12.78,10303300,300229,拓尔思,SZ
2024-07-22,sz.300229,13.09,13.14,12.87,12.99,11590610,300229,拓尔思,SZ
2024-07-23,sz.300229,12.94,13.04,12.65,12.68,9166600,300229,拓尔思,SZ
2024-07-24,sz.300229,12.52,12.77,12.38,12.39,8435334,300229,拓尔思,SZ
2024-07-25,sz.300229,12.3,12.61,12.3,12.36,6766553,300229,拓尔思,SZ
2024-07-26,sz.300229,12.47,12.65,12.37,12.45,8368363,300229,拓尔思,SZ
2024-07-29,sz.300229,12.46,12.59,12.28,12.51,9469440,300229,拓尔思,SZ
2024-07-30,sz.300229,12.46,12.66,12.33,12.53,8873863,300229,拓尔思,SZ
2024-07-31,sz.300229,12.53,13.08,12.51,13.06,16789949,300229,拓尔思,SZ
2024-08-01,sz.300229,13.03,13.2,12.9,12.98,11963150,300229,拓尔思,SZ
2024-08-02,sz.300229,12.85,13.05,12.55,12.59,13073045,300229,拓尔思,SZ
2024-08-05,sz.300229,12.45,12.78,11.98,12.02,15981133,300229,拓尔思,SZ
2024-08-06,sz.300229,12.26,12.36,12.01,12.22,9897225,300229,拓尔思,SZ
2024-08-07,sz.300229,12.17,12.3,12.12,12.14,7830677,300229,拓尔思,SZ
2024-08-08,sz.300229,12.03,12.15,11.69,11.97,10879100,300229,拓尔思,SZ
2024-08-09,sz.300229,12.05,12.2,11.81,11.82,6876384,300229,拓尔思,SZ
2024-08-12,sz.300229,11.75,11.89,11.6,11.66,7376984,300229,拓尔思,SZ
2024-08-13,sz.300229,11.66,11.78,11.49,11.69,7266090,300229,拓尔思,SZ
2024-08-14,sz.300229,11.72,11.82,11.55,11.68,8901223,300229,拓尔思,SZ
2024-08-15,sz.300229,11.63,12.04,11.56,11.85,11920474,300229,拓尔思,SZ
2024-08-16,sz.300229,11.89,11.96,11.81,11.84,7824049,300229,拓尔思,SZ
2024-08-19,sz.300229,11.85,12.06,11.83,11.91,8873455,300229,拓尔思,SZ
2024-08-20,sz.300229,11.87,11.94,11.58,11.62,8310305,300229,拓尔思,SZ
2024-08-21,sz.300229,11.58,11.74,11.38,11.41,7682492,300229,拓尔思,SZ
2024-08-22,sz.300229,11.44,11.59,11.0,11.03,11931342,300229,拓尔思,SZ
2024-08-23,sz.300229,11.03,11.34,11.0,11.25,10766119,300229,拓尔思,SZ
2024-08-26,sz.300229,11.31,11.34,11.08,11.17,7044405,300229,拓尔思,SZ
2024-08-27,sz.300229,11.16,11.25,10.79,10.82,10204400,300229,拓尔思,SZ
2024-08-28,sz.300229,10.75,11.1,10.65,11.03,10290393,300229,拓尔思,SZ
2024-08-29,sz.300229,10.96,11.3,10.91,11.24,8340583,300229,拓尔思,SZ
2024-08-30,sz.300229,11.34,11.72,11.28,11.52,15030862,300229,拓尔思,SZ
2024-09-02,sz.300229,11.47,11.62,11.13,11.14,10400999,300229,拓尔思,SZ
2024-09-03,sz.300229,11.19,11.39,11.12,11.36,9582400,300229,拓尔思,SZ
2024-09-04,sz.300229,11.21,11.47,11.15,11.29,7883900,300229,拓尔思,SZ
2024-09-05,sz.300229,11.29,11.57,11.22,11.46,10330300,300229,拓尔思,SZ
2024-09-06,sz.300229,11.48,11.51,11.19,11.21,7929850,300229,拓尔思,SZ
2024-09-09,sz.300229,11.12,11.3,10.98,11.1,7022390,300229,拓尔思,SZ
2024-09-10,sz.300229,11.2,11.58,10.96,11.46,12991200,300229,拓尔思,SZ
2024-09-11,sz.300229,11.41,11.54,11.3,11.52,11953268,300229,拓尔思,SZ
2024-09-12,sz.300229,11.56,11.79,11.53,11.54,13579179,300229,拓尔思,SZ
2024-09-13,sz.300229,11.59,11.69,11.29,11.3,10379915,300229,拓尔思,SZ
2024-09-18,sz.300229,11.3,11.4,11.0,11.16,9293676,300229,拓尔思,SZ
2024-09-19,sz.300229,11.31,11.67,11.15,11.57,14279802,300229,拓尔思,SZ
2024-09-20,sz.300229,11.63,12.23,11.56,11.98,37980182,300229,拓尔思,SZ
2024-09-23,sz.300229,11.87,12.22,11.87,12.06,26658278,300229,拓尔思,SZ
2024-09-24,sz.300229,12.06,12.32,11.75,12.29,31121054,300229,拓尔思,SZ
2024-09-25,sz.300229,12.39,12.74,12.29,12.3,33112772,300229,拓尔思,SZ
2024-09-26,sz.300229,12.3,12.64,12.23,12.64,24313435,300229,拓尔思,SZ
2024-09-27,sz.300229,12.83,14.11,12.83,13.92,49004895,300229,拓尔思,SZ
2024-09-30,sz.300229,15.06,16.66,14.77,16.64,79269029,300229,拓尔思,SZ
2024-10-08,sz.300229,19.96,19.97,17.6,19.97,102822930,300229,拓尔思,SZ
2024-10-09,sz.300229,18.65,19.39,16.82,17.48,89118120,300229,拓尔思,SZ
2024-10-10,sz.300229,18.5,18.55,16.85,16.9,52132275,300229,拓尔思,SZ
2024-10-11,sz.300229,16.4,16.98,15.29,15.73,43051325,300229,拓尔思,SZ
2024-10-14,sz.300229,15.77,16.7,15.25,16.58,44012055,300229,拓尔思,SZ
2024-10-15,sz.300229,16.51,17.19,16.16,16.16,45183104,300229,拓尔思,SZ
2024-10-16,sz.300229,15.8,16.61,15.68,16.31,29770575,300229,拓尔思,SZ
2024-10-17,sz.300229,16.61,17.45,16.55,16.8,59654127,300229,拓尔思,SZ
2024-10-18,sz.300229,16.65,18.01,16.47,17.47,64810006,300229,拓尔思,SZ
2024-10-21,sz.300229,17.78,18.29,17.5,17.75,60508854,300229,拓尔思,SZ
2024-10-22,sz.300229,17.6,19.22,17.4,18.86,88778635,300229,拓尔思,SZ
2024-10-23,sz.300229,18.86,18.86,17.85,17.95,62649536,300229,拓尔思,SZ
2024-10-24,sz.300229,17.67,17.88,17.19,17.4,32867523,300229,拓尔思,SZ
2024-10-25,sz.300229,17.35,17.75,17.21,17.46,31015879,300229,拓尔思,SZ
2024-10-28,sz.300229,17.35,17.7,17.32,17.46,29387550,300229,拓尔思,SZ
2024-10-29,sz.300229,17.55,17.61,16.87,16.88,41607065,300229,拓尔思,SZ
2024-10-30,sz.300229,17.11,17.26,16.46,16.75,36531231,300229,拓尔思,SZ
2024-10-31,sz.300229,16.64,17.3,16.51,17.03,35243792,300229,拓尔思,SZ
2024-11-01,sz.300229,17.0,17.15,15.75,15.76,38096814,300229,拓尔思,SZ
2024-11-04,sz.300229,15.76,16.42,15.76,16.31,19136339,300229,拓尔思,SZ
2024-11-05,sz.300229,16.3,17.3,16.19,17.2,37906219,300229,拓尔思,SZ
2024-11-06,sz.300229,17.24,17.82,17.11,17.34,44645565,300229,拓尔思,SZ
2024-11-07,sz.300229,17.03,17.52,16.91,17.5,36314342,300229,拓尔思,SZ
2024-11-08,sz.300229,17.85,18.16,17.42,17.44,47432406,300229,拓尔思,SZ
2024-11-11,sz.300229,17.44,18.55,17.31,18.39,58410257,300229,拓尔思,SZ
2024-11-12,sz.300229,18.33,18.88,17.93,18.25,61414965,300229,拓尔思,SZ
2024-11-13,sz.300229,18.01,19.21,18.01,19.21,88736151,300229,拓尔思,SZ
2024-11-14,sz.300229,19.89,19.89,17.7,17.83,79030112,300229,拓尔思,SZ
2024-11-15,sz.300229,17.78,19.26,17.78,18.07,73298558,300229,拓尔思,SZ
2024-11-18,sz.300229,18.38,18.47,16.0,16.09,60230293,300229,拓尔思,SZ
2024-11-19,sz.300229,16.1,16.74,15.95,16.73,31494477,300229,拓尔思,SZ
2024-11-20,sz.300229,16.51,17.83,16.33,17.57,45930589,300229,拓尔思,SZ
2024-11-21,sz.300229,17.5,17.97,17.26,17.6,40757234,300229,拓尔思,SZ
2024-11-22,sz.300229,17.44,21.12,17.31,21.12,206600071,300229,拓尔思,SZ
2024-11-25,sz.300229,21.88,22.22,19.5,21.53,219449344,300229,拓尔思,SZ
2024-11-26,sz.300229,20.5,20.87,19.34,19.38,123858925,300229,拓尔思,SZ
2024-11-27,sz.300229,18.71,20.43,18.56,20.34,101970540,300229,拓尔思,SZ
2024-11-28,sz.300229,20.0,20.7,19.16,19.22,92100883,300229,拓尔思,SZ
2024-11-29,sz.300229,18.96,23.06,18.9,23.06,180310740,300229,拓尔思,SZ
2024-12-02,sz.300229,22.88,25.0,22.56,23.01,227535653,300229,拓尔思,SZ
2024-12-03,sz.300229,22.89,22.91,21.72,22.09,135243174,300229,拓尔思,SZ
2024-12-04,sz.300229,21.79,22.76,21.6,21.72,109708135,300229,拓尔思,SZ
2024-12-05,sz.300229,21.91,23.89,21.91,23.19,130781440,300229,拓尔思,SZ
2024-12-06,sz.300229,23.21,24.62,22.51,22.82,125924009,300229,拓尔思,SZ
2024-12-09,sz.300229,22.63,23.72,21.97,22.49,83588196,300229,拓尔思,SZ
2024-12-10,sz.300229,23.63,25.49,22.89,23.97,154883677,300229,拓尔思,SZ
2024-12-11,sz.300229,23.33,23.79,22.6,23.23,91697595,300229,拓尔思,SZ
2024-12-12,sz.300229,23.1,23.37,21.89,22.75,92013662,300229,拓尔思,SZ
2024-12-13,sz.300229,22.47,22.79,21.61,21.63,78707657,300229,拓尔思,SZ
2024-12-16,sz.300229,21.51,21.98,20.93,21.31,52340658,300229,拓尔思,SZ
2024-12-17,sz.300229,21.11,21.28,20.0,20.23,56089207,300229,拓尔思,SZ
2024-12-18,sz.300229,20.3,20.86,19.8,20.45,49558841,300229,拓尔思,SZ
2024-12-19,sz.300229,20.05,20.93,19.9,20.78,52901982,300229,拓尔思,SZ
2024-12-20,sz.300229,20.79,21.38,20.53,21.31,50936775,300229,拓尔思,SZ
2024-12-23,sz.300229,21.11,21.17,19.69,19.78,53022677,300229,拓尔思,SZ
2024-12-24,sz.300229,19.92,20.14,19.23,19.71,35766861,300229,拓尔思,SZ
2024-12-25,sz.300229,19.82,19.82,18.92,19.08,32049468,300229,拓尔思,SZ
2024-12-26,sz.300229,19.1,21.4,19.1,20.78,74089576,300229,拓尔思,SZ
2024-12-27,sz.300229,20.82,20.97,20.22,20.46,49623428,300229,拓尔思,SZ
2024-12-30,sz.300229,20.3,20.95,19.88,20.67,42768056,300229,拓尔思,SZ
2024-12-31,sz.300229,20.98,21.69,20.61,20.94,80357163,300229,拓尔思,SZ
2025-01-02,sz.300229,20.41,21.69,19.75,21.08,68713906,300229,拓尔思,SZ
2025-01-03,sz.300229,20.71,20.76,18.4,18.42,69081528,300229,拓尔思,SZ
2025-01-06,sz.300229,18.06,18.88,17.0,17.18,56341518,300229,拓尔思,SZ
2025-01-07,sz.300229,17.34,17.75,17.01,17.74,39069100,300229,拓尔思,SZ
2025-01-08,sz.300229,17.6,17.9,16.78,17.59,45644950,300229,拓尔思,SZ
2025-01-09,sz.300229,17.41,18.3,17.37,17.88,39907431,300229,拓尔思,SZ
2025-01-10,sz.300229,17.76,18.24,17.17,17.17,35558981,300229,拓尔思,SZ
2025-01-13,sz.300229,17.14,17.48,16.66,17.33,29060894,300229,拓尔思,SZ
2025-01-14,sz.300229,17.59,18.94,17.46,18.88,55997849,300229,拓尔思,SZ
2025-01-15,sz.300229,18.88,19.75,18.87,19.14,62078788,300229,拓尔思,SZ
2025-01-16,sz.300229,19.17,19.9,18.78,18.91,53463692,300229,拓尔思,SZ
2025-01-17,sz.300229,18.73,19.0,18.5,18.68,32891260,300229,拓尔思,SZ
2025-01-20,sz.300229,18.95,19.1,18.57,18.65,28989110,300229,拓尔思,SZ
2025-01-21,sz.300229,18.92,19.24,18.53,18.89,33103287,300229,拓尔思,SZ
2025-01-22,sz.300229,18.71,19.16,18.58,18.78,31676141,300229,拓尔思,SZ
2025-01-23,sz.300229,17.5,18.28,17.13,17.22,83255425,300229,拓尔思,SZ
2025-01-24,sz.300229,17.4,18.85,17.03,18.77,84465247,300229,拓尔思,SZ
2025-01-27,sz.300229,22.52,22.52,21.4,22.11,185558336,300229,拓尔思,SZ
2025-02-05,sz.300229,25.0,26.53,24.96,26.53,77306704,300229,拓尔思,SZ
2025-02-06,sz.300229,26.66,29.96,25.86,27.75,257267228,300229,拓尔思,SZ
2025-02-07,sz.300229,27.51,28.97,26.6,27.41,208014683,300229,拓尔思,SZ
2025-02-10,sz.300229,27.3,29.29,27.01,29.15,191919099,300229,拓尔思,SZ
2025-02-11,sz.300229,27.98,29.49,27.44,27.68,169648108,300229,拓尔思,SZ
2025-02-12,sz.300229,27.19,30.43,27.18,29.16,177976130,300229,拓尔思,SZ
2025-02-13,sz.300229,29.14,29.14,27.38,28.02,139218571,300229,拓尔思,SZ
2025-02-14,sz.300229,28.4,29.76,26.95,28.95,162447632,300229,拓尔思,SZ
2025-02-17,sz.300229,30.43,30.74,27.93,28.37,149800792,300229,拓尔思,SZ
2025-02-18,sz.300229,27.51,28.27,25.75,25.91,132480200,300229,拓尔思,SZ
2025-02-19,sz.300229,26.14,26.82,25.69,26.77,86787861,300229,拓尔思,SZ
2025-02-20,sz.300229,26.88,26.93,25.95,26.49,75149197,300229,拓尔思,SZ
2025-02-21,sz.300229,26.93,27.45,25.96,27.22,112456095,300229,拓尔思,SZ
2025-02-24,sz.300229,27.33,28.0,26.51,27.03,102991723,300229,拓尔思,SZ
2025-02-25,sz.300229,25.87,26.62,25.77,26.18,72806968,300229,拓尔思,SZ
2025-02-26,sz.300229,26.45,26.85,26.07,26.52,61984894,300229,拓尔思,SZ
2025-02-27,sz.300229,26.47,28.5,26.31,28.26,150405156,300229,拓尔思,SZ
2025-02-28,sz.300229,27.76,27.8,24.1,24.82,113457447,300229,拓尔思,SZ
2025-03-03,sz.300229,24.8,25.18,23.59,24.07,63128475,300229,拓尔思,SZ
2025-03-04,sz.300229,23.55,24.46,23.41,24.2,40461687,300229,拓尔思,SZ
2025-03-05,sz.300229,24.21,24.98,23.85,24.7,54464299,300229,拓尔思,SZ
2025-03-06,sz.300229,25.2,26.85,25.2,26.22,91783836,300229,拓尔思,SZ
2025-03-07,sz.300229,26.56,27.42,25.4,25.62,96850120,300229,拓尔思,SZ
2025-03-10,sz.300229,25.51,25.7,24.55,24.92,54431628,300229,拓尔思,SZ
2025-03-11,sz.300229,24.38,24.92,24.25,24.6,35241053,300229,拓尔思,SZ
2025-03-12,sz.300229,24.91,25.14,24.6,24.6,38900472,300229,拓尔思,SZ
2025-03-13,sz.300229,24.45,24.47,23.42,23.84,42003165,300229,拓尔思,SZ
2025-03-14,sz.300229,23.73,24.37,23.56,24.33,37269369,300229,拓尔思,SZ
2025-03-17,sz.300229,24.37,24.4,23.86,24.09,24995989,300229,拓尔思,SZ
2025-03-18,sz.300229,24.28,24.53,23.91,24.07,28621409,300229,拓尔思,SZ
2025-03-19,sz.300229,23.93,24.07,23.61,23.7,24863125,300229,拓尔思,SZ
2025-03-20,sz.300229,23.66,24.76,23.36,24.16,50058600,300229,拓尔思,SZ
2025-03-21,sz.300229,23.72,23.95,23.0,23.02,37956563,300229,拓尔思,SZ
2025-03-24,sz.300229,23.01,23.01,21.55,22.33,38698591,300229,拓尔思,SZ
2025-03-25,sz.300229,22.34,22.37,21.56,21.67,24624836,300229,拓尔思,SZ
2025-03-26,sz.300229,21.67,21.98,21.66,21.68,18441600,300229,拓尔思,SZ
2025-03-27,sz.300229,21.69,21.94,21.3,21.56,18421450,300229,拓尔思,SZ
2025-03-28,sz.300229,21.55,21.83,21.2,21.25,15996873,300229,拓尔思,SZ
2025-03-31,sz.300229,21.08,21.45,20.47,21.37,28632365,300229,拓尔思,SZ
2025-04-01,sz.300229,21.41,21.5,21.01,21.09,17617150,300229,拓尔思,SZ
2025-04-02,sz.300229,21.09,21.3,20.97,21.06,13810500,300229,拓尔思,SZ
2025-04-03,sz.300229,20.66,21.15,20.5,20.69,16249535,300229,拓尔思,SZ
2025-04-07,sz.300229,19.0,19.35,16.55,16.55,45476361,300229,拓尔思,SZ
2025-04-08,sz.300229,16.57,17.68,16.49,17.11,43854795,300229,拓尔思,SZ
2025-04-09,sz.300229,16.78,18.09,15.64,17.88,46203311,300229,拓尔思,SZ
2025-04-10,sz.300229,18.53,19.21,18.45,18.54,40804611,300229,拓尔思,SZ
2025-04-11,sz.300229,18.2,18.93,18.17,18.65,28570975,300229,拓尔思,SZ
2025-04-14,sz.300229,18.98,19.28,18.77,18.85,24409875,300229,拓尔思,SZ
2025-04-15,sz.300229,18.8,18.97,18.5,18.67,17846098,300229,拓尔思,SZ
2025-04-16,sz.300229,18.62,18.65,17.9,18.22,19701089,300229,拓尔思,SZ
2025-04-17,sz.300229,18.2,18.58,18.08,18.14,17217034,300229,拓尔思,SZ
2025-04-18,sz.300229,18.05,18.26,17.92,18.11,14533400,300229,拓尔思,SZ
2025-04-21,sz.300229,18.08,18.69,17.82,18.68,19484451,300229,拓尔思,SZ
2025-04-22,sz.300229,18.61,18.77,18.35,18.4,17064884,300229,拓尔思,SZ
2025-04-23,sz.300229,18.55,18.95,18.43,18.63,23724917,300229,拓尔思,SZ
2025-04-24,sz.300229,18.4,18.44,17.6,17.81,29277941,300229,拓尔思,SZ
2025-04-25,sz.300229,17.75,19.1,17.75,18.1,35968237,300229,拓尔思,SZ
2025-04-28,sz.300229,18.0,18.58,17.76,17.81,24895926,300229,拓尔思,SZ
2025-04-29,sz.300229,17.5,17.52,16.91,17.18,60727402,300229,拓尔思,SZ
2025-04-30,sz.300229,17.45,18.45,17.26,18.23,52378466,300229,拓尔思,SZ
2025-05-06,sz.300229,18.6,19.57,18.49,19.28,53458617,300229,拓尔思,SZ
2025-05-07,sz.300229,19.62,20.03,18.93,19.16,49078165,300229,拓尔思,SZ
2025-05-08,sz.300229,19.16,19.78,19.01,19.43,41050483,300229,拓尔思,SZ
2025-05-09,sz.300229,19.4,19.4,18.78,18.84,29184153,300229,拓尔思,SZ
2025-05-12,sz.300229,19.07,19.35,18.88,19.34,33734192,300229,拓尔思,SZ
2025-05-13,sz.300229,19.76,19.88,19.08,19.17,34972180,300229,拓尔思,SZ
2025-05-14,sz.300229,19.27,19.73,19.1,19.51,44099480,300229,拓尔思,SZ
2025-05-15,sz.300229,19.51,19.56,18.68,18.74,32394255,300229,拓尔思,SZ
2025-05-16,sz.300229,18.61,18.86,18.4,18.52,21473500,300229,拓尔思,SZ
2025-05-19,sz.300229,18.51,18.51,18.08,18.4,21214229,300229,拓尔思,SZ
2025-05-20,sz.300229,17.49,18.03,17.26,17.9,41899328,300229,拓尔思,SZ
2025-05-21,sz.300229,17.8,17.85,17.49,17.61,21996361,300229,拓尔思,SZ
2025-05-22,sz.300229,17.51,17.97,17.44,17.88,28438532,300229,拓尔思,SZ
2025-05-23,sz.300229,17.79,18.49,17.62,17.67,47240732,300229,拓尔思,SZ
2025-05-26,sz.300229,17.78,18.15,17.56,17.87,25683429,300229,拓尔思,SZ
2025-05-27,sz.300229,17.73,17.75,17.25,17.32,27473139,300229,拓尔思,SZ
2025-05-28,sz.300229,17.39,17.46,16.93,16.99,23328598,300229,拓尔思,SZ
2025-05-29,sz.300229,16.99,17.64,16.98,17.63,29919005,300229,拓尔思,SZ
2025-05-30,sz.300229,17.5,17.55,17.08,17.13,20943297,300229,拓尔思,SZ
2025-06-03,sz.300229,17.0,17.94,16.96,17.24,24697116,300229,拓尔思,SZ
2025-06-04,sz.300229,17.34,17.66,17.2,17.49,17592303,300229,拓尔思,SZ
2025-06-05,sz.300229,17.49,18.14,17.48,18.02,33031374,300229,拓尔思,SZ
2025-06-06,sz.300229,18.04,18.26,17.73,18.03,28340074,300229,拓尔思,SZ
2025-06-09,sz.300229,18.1,18.52,18.0,18.43,29663179,300229,拓尔思,SZ
2025-06-10,sz.300229,18.41,18.48,17.62,17.89,30445213,300229,拓尔思,SZ
2025-06-11,sz.300229,17.8,18.17,17.8,17.88,19771686,300229,拓尔思,SZ
2025-06-12,sz.300229,17.7,18.08,17.6,17.79,17743429,300229,拓尔思,SZ
2025-06-13,sz.300229,17.65,17.79,17.05,17.08,30218257,300229,拓尔思,SZ
2025-06-16,sz.300229,16.99,17.54,16.93,17.48,22768491,300229,拓尔思,SZ
2025-06-17,sz.300229,17.48,17.55,17.25,17.41,14767910,300229,拓尔思,SZ
2025-06-18,sz.300229,17.38,17.48,17.2,17.37,14438000,300229,拓尔思,SZ
2025-06-19,sz.300229,17.4,17.73,17.15,17.22,27825250,300229,拓尔思,SZ
2025-06-20,sz.300229,17.35,17.37,16.6,16.62,25663926,300229,拓尔思,SZ
2025-06-23,sz.300229,16.3,17.12,16.3,17.04,19776725,300229,拓尔思,SZ
2025-06-24,sz.300229,17.07,17.64,17.05,17.61,27876518,300229,拓尔思,SZ
2025-06-25,sz.300229,17.56,18.15,17.45,18.14,40097617,300229,拓尔思,SZ
2025-06-26,sz.300229,18.28,18.72,18.05,18.26,53475833,300229,拓尔思,SZ
2025-06-27,sz.300229,18.19,19.08,18.09,18.29,43372831,300229,拓尔思,SZ
2025-06-30,sz.300229,18.43,18.55,18.2,18.44,26398641,300229,拓尔思,SZ
2025-07-01,sz.300229,18.46,18.54,18.01,18.15,25550518,300229,拓尔思,SZ
2025-07-02,sz.300229,18.16,18.17,17.61,17.73,22410429,300229,拓尔思,SZ
2025-07-03,sz.300229,17.73,18.02,17.67,17.84,17288959,300229,拓尔思,SZ
2025-07-04,sz.300229,17.79,17.94,17.56,17.6,21033943,300229,拓尔思,SZ
2025-07-07,sz.300229,17.6,17.69,17.41,17.47,15160729,300229,拓尔思,SZ
2025-07-08,sz.300229,17.47,18.14,17.36,18.09,29669512,300229,拓尔思,SZ
2025-07-09,sz.300229,18.18,18.24,17.86,17.94,22704032,300229,拓尔思,SZ
2025-07-10,sz.300229,17.88,18.13,17.74,18.01,19851602,300229,拓尔思,SZ
2025-07-11,sz.300229,18.12,19.65,17.76,19.22,98670133,300229,拓尔思,SZ
2025-07-14,sz.300229,19.89,20.95,19.27,20.51,134274770,300229,拓尔思,SZ
2025-07-15,sz.300229,20.07,21.37,19.8,20.99,115512159,300229,拓尔思,SZ
2025-07-16,sz.300229,20.94,21.08,20.23,20.37,72728940,300229,拓尔思,SZ
2025-07-17,sz.300229,20.38,22.0,20.38,21.11,103438692,300229,拓尔思,SZ
2025-07-18,sz.300229,21.15,23.0,21.01,22.56,127326678,300229,拓尔思,SZ
2025-07-21,sz.300229,22.15,22.8,21.66,22.09,85218584,300229,拓尔思,SZ
2025-07-22,sz.300229,22.1,22.14,20.99,21.07,87890233,300229,拓尔思,SZ
2025-07-23,sz.300229,21.13,22.76,20.77,22.29,110485344,300229,拓尔思,SZ
2025-07-24,sz.300229,22.0,22.47,21.8,22.09,70018470,300229,拓尔思,SZ
2025-07-25,sz.300229,22.38,23.99,22.32,23.76,124101465,300229,拓尔思,SZ
2025-07-28,sz.300229,23.65,24.92,22.6,24.3,106351696,300229,拓尔思,SZ
2025-07-29,sz.300229,23.92,24.95,23.52,23.8,94471784,300229,拓尔思,SZ
2025-07-30,sz.300229,23.46,24.79,23.2,23.85,78406851,300229,拓尔思,SZ
2025-07-31,sz.300229,24.4,25.35,23.92,24.63,102071979,300229,拓尔思,SZ
2025-08-01,sz.300229,25.09,25.41,23.67,25.15,94651788,300229,拓尔思,SZ
2025-08-04,sz.300229,24.52,25.48,24.51,25.34,68279139,300229,拓尔思,SZ
2025-08-05,sz.300229,25.26,25.67,24.1,24.15,66214378,300229,拓尔思,SZ
2025-08-06,sz.300229,24.0,27.2,23.07,26.32,127702636,300229,拓尔思,SZ
2025-08-07,sz.300229,26.0,27.5,25.67,26.91,108370300,300229,拓尔思,SZ
2025-08-08,sz.300229,26.4,27.18,25.68,25.83,76171471,300229,拓尔思,SZ
2025-08-11,sz.300229,25.5,26.68,25.21,25.95,65069248,300229,拓尔思,SZ
2025-08-12,sz.300229,25.63,25.8,23.93,24.66,88327905,300229,拓尔思,SZ
2025-08-13,sz.300229,24.56,25.15,24.36,24.6,60823760,300229,拓尔思,SZ
2025-08-14,sz.300229,24.57,25.9,24.47,25.32,91891973,300229,拓尔思,SZ
2025-08-15,sz.300229,24.8,27.0,24.72,26.2,87640278,300229,拓尔思,SZ
2025-08-18,sz.300229,26.21,27.18,26.0,26.26,99957327,300229,拓尔思,SZ
2025-08-19,sz.300229,26.02,28.01,25.68,26.73,98003278,300229,拓尔思,SZ
2025-08-20,sz.300229,26.3,26.58,25.51,26.33,69281845,300229,拓尔思,SZ
2025-08-21,sz.300229,25.7,27.3,25.53,26.63,83747123,300229,拓尔思,SZ
2025-08-22,sz.300229,26.65,28.0,26.35,27.69,95993627,300229,拓尔思,SZ
2025-08-25,sz.300229,27.71,27.98,26.4,27.01,102024872,300229,拓尔思,SZ
2025-08-26,sz.300229,26.79,27.68,26.38,26.9,62709420,300229,拓尔思,SZ
2025-08-27,sz.300229,27.7,27.9,25.21,25.29,85834809,300229,拓尔思,SZ
2025-08-28,sz.300229,25.04,25.46,23.2,24.37,120527991,300229,拓尔思,SZ
2025-08-29,sz.300229,24.11,24.15,23.3,23.45,71738992,300229,拓尔思,SZ
2025-09-01,sz.300229,23.98,24.1,23.13,23.22,56649677,300229,拓尔思,SZ
2025-09-02,sz.300229,23.29,23.37,22.35,22.73,56822420,300229,拓尔思,SZ
2025-09-03,sz.300229,22.77,22.97,21.65,21.72,50751162,300229,拓尔思,SZ
2025-09-04,sz.300229,21.74,22.56,21.18,21.66,51396666,300229,拓尔思,SZ
2025-09-05,sz.300229,21.71,22.15,21.22,22.01,38416945,300229,拓尔思,SZ
2025-09-08,sz.300229,21.8,22.5,21.8,22.29,46907437,300229,拓尔思,SZ
2025-09-09,sz.300229,22.1,22.12,21.21,21.22,43724721,300229,拓尔思,SZ
2025-09-10,sz.300229,21.3,21.97,21.3,21.6,33464125,300229,拓尔思,SZ
2025-09-11,sz.300229,21.88,22.19,21.37,22.16,46606174,300229,拓尔思,SZ
2025-09-12,sz.300229,21.89,22.5,21.7,22.05,48292752,300229,拓尔思,SZ
2025-09-15,sz.300229,21.91,22.17,21.62,21.68,32031381,300229,拓尔思,SZ
2025-09-16,sz.300229,21.69,22.25,21.5,22.17,35479433,300229,拓尔思,SZ
2025-09-17,sz.300229,22.05,22.63,21.83,22.4,39174398,300229,拓尔思,SZ
2025-09-18,sz.300229,22.28,23.04,21.92,22.2,59738987,300229,拓尔思,SZ
2025-09-19,sz.300229,22.22,22.75,21.58,21.68,38550455,300229,拓尔思,SZ
2025-09-22,sz.300229,21.72,22.09,21.13,21.56,40670960,300229,拓尔思,SZ
2025-09-23,sz.300229,21.55,21.56,20.45,20.93,45419058,300229,拓尔思,SZ
2025-09-24,sz.300229,20.71,21.28,20.62,21.25,32227975,300229,拓尔思,SZ
2025-09-25,sz.300229,21.28,22.69,21.21,22.26,69667367,300229,拓尔思,SZ
2025-09-26,sz.300229,22.22,22.22,21.39,21.39,38717476,300229,拓尔思,SZ
2025-09-29,sz.300229,21.5,21.58,20.95,21.21,30245886,300229,拓尔思,SZ
2025-09-30,sz.300229,21.83,22.98,21.77,22.41,69532480,300229,拓尔思,SZ
2025-10-09,sz.300229,22.5,22.97,22.0,22.69,59483875,300229,拓尔思,SZ
2025-10-10,sz.300229,22.4,22.44,21.32,21.4,47867464,300229,拓尔思,SZ
2025-10-13,sz.300229,20.52,21.3,20.51,21.1,27255996,300229,拓尔思,SZ
2025-10-14,sz.300229,21.3,21.5,20.56,20.61,27963039,300229,拓尔思,SZ
2025-10-15,sz.300229,20.61,20.9,19.8,20.89,26159996,300229,拓尔思,SZ
2025-10-16,sz.300229,20.77,20.77,20.05,20.12,25328673,300229,拓尔思,SZ
2025-10-17,sz.300229,20.13,20.22,19.21,19.22,28065596,300229,拓尔思,SZ
2025-10-20,sz.300229,19.6,19.85,19.47,19.66,19629312,300229,拓尔思,SZ
2025-10-21,sz.300229,19.7,19.82,19.52,19.73,15772751,300229,拓尔思,SZ
2025-10-22,sz.300229,19.55,19.72,19.44,19.52,11598411,300229,拓尔思,SZ
2025-10-23,sz.300229,19.52,20.02,19.28,19.95,18197988,300229,拓尔思,SZ
2025-10-24,sz.300229,19.65,19.82,19.31,19.41,31631025,300229,拓尔思,SZ
2025-10-27,sz.300229,19.54,19.87,19.35,19.65,24093035,300229,拓尔思,SZ
2025-10-28,sz.300229,19.67,20.11,19.48,19.77,26677169,300229,拓尔思,SZ
2025-10-29,sz.300229,19.68,19.82,19.41,19.82,20500554,300229,拓尔思,SZ
2025-10-30,sz.300229,19.81,20.09,19.52,19.63,25549507,300229,拓尔思,SZ
2025-10-31,sz.300229,19.5,20.94,19.5,20.58,59032479,300229,拓尔思,SZ
2025-11-03,sz.300229,20.8,21.45,20.45,21.35,51983068,300229,拓尔思,SZ
2025-11-04,sz.300229,20.98,21.03,20.52,20.72,33101428,300229,拓尔思,SZ
2025-11-05,sz.300229,20.4,20.62,20.13,20.41,22234311,300229,拓尔思,SZ
2025-11-06,sz.300229,20.35,20.46,20.0,20.25,20849649,300229,拓尔思,SZ
2025-11-07,sz.300229,20.06,20.34,19.92,19.99,19342660,300229,拓尔思,SZ
2025-11-10,sz.300229,20.33,20.56,20.0,20.17,16830956,300229,拓尔思,SZ
2025-11-11,sz.300229,20.17,20.88,19.81,20.28,29787804,300229,拓尔思,SZ
2025-11-12,sz.300229,20.13,20.2,19.58,19.72,19400492,300229,拓尔思,SZ
2025-11-13,sz.300229,19.66,20.12,19.56,20.11,17470354,300229,拓尔思,SZ
2025-11-14,sz.300229,19.99,19.99,19.5,19.5,18142574,300229,拓尔思,SZ
2025-11-17,sz.300229,19.4,20.3,19.4,20.17,27270091,300229,拓尔思,SZ
2025-11-18,sz.300229,20.15,20.93,19.95,20.66,41055128,300229,拓尔思,SZ
2025-11-19,sz.300229,20.79,20.9,20.13,20.25,25815842,300229,拓尔思,SZ
2025-11-20,sz.300229,20.39,20.5,19.77,19.8,22410189,300229,拓尔思,SZ
2025-11-21,sz.300229,19.52,20.24,19.21,19.56,28797269,300229,拓尔思,SZ
2025-11-24,sz.300229,19.98,20.89,19.75,20.72,58213267,300229,拓尔思,SZ
2025-11-25,sz.300229,20.7,21.4,20.67,21.09,59965703,300229,拓尔思,SZ
2025-11-26,sz.300229,20.98,21.39,20.8,20.84,39873590,300229,拓尔思,SZ
2025-11-27,sz.300229,20.75,21.05,20.54,20.76,31179961,300229,拓尔思,SZ
2025-11-28,sz.300229,20.7,21.65,20.31,21.44,68614491,300229,拓尔思,SZ
2025-12-01,sz.300229,20.99,21.14,20.7,20.95,45782857,300229,拓尔思,SZ
2025-12-02,sz.300229,21.16,21.29,20.57,20.63,29740937,300229,拓尔思,SZ
2025-12-03,sz.300229,20.57,20.63,19.86,19.98,29386982,300229,拓尔思,SZ
2025-12-04,sz.300229,19.9,20.1,19.76,20.01,15572162,300229,拓尔思,SZ
2025-12-05,sz.300229,20.0,20.18,19.7,20.11,20175162,300229,拓尔思,SZ
2025-12-08,sz.300229,20.08,20.28,20.01,20.06,24344083,300229,拓尔思,SZ
2025-12-09,sz.300229,19.96,20.13,19.63,19.66,21608474,300229,拓尔思,SZ
2025-12-10,sz.300229,19.67,19.82,19.45,19.81,15889420,300229,拓尔思,SZ
2025-12-11,sz.300229,19.8,19.8,19.45,19.45,14892659,300229,拓尔思,SZ
2025-12-12,sz.300229,19.45,19.79,19.42,19.68,15323378,300229,拓尔思,SZ
2025-12-15,sz.300229,19.48,19.57,19.24,19.24,13872480,300229,拓尔思,SZ
2025-12-16,sz.300229,19.23,19.24,18.3,18.4,20391603,300229,拓尔思,SZ
2025-12-17,sz.300229,18.43,18.67,17.95,18.6,18236502,300229,拓尔思,SZ
2025-12-18,sz.300229,18.42,18.64,18.35,18.41,10833856,300229,拓尔思,SZ
2025-12-19,sz.300229,18.46,18.6,18.4,18.58,10371623,300229,拓尔思,SZ
2025-12-22,sz.300229,18.6,18.74,18.53,18.67,11122159,300229,拓尔思,SZ
2025-12-23,sz.300229,18.99,19.17,18.5,18.55,12490058,300229,拓尔思,SZ
2025-12-24,sz.300229,18.45,18.64,18.36,18.6,12273311,300229,拓尔思,SZ
2025-12-25,sz.300229,18.65,18.92,18.56,18.8,13108052,300229,拓尔思,SZ
2025-12-26,sz.300229,18.8,18.99,18.69,18.83,14574979,300229,拓尔思,SZ
2025-12-29,sz.300229,18.8,19.39,18.77,19.2,23025678,300229,拓尔思,SZ
2025-12-30,sz.300229,19.22,19.66,19.22,19.46,24008637,300229,拓尔思,SZ
2025-12-31,sz.300229,19.5,20.04,19.33,19.9,29321302,300229,拓尔思,SZ
2026-01-05,sz.300229,19.92,20.48,19.75,20.33,40523564,300229,拓尔思,SZ
2026-01-06,sz.300229,20.32,20.32,20.0,20.26,32407282,300229,拓尔思,SZ
2026-01-07,sz.300229,20.2,20.43,19.98,20.08,26639047,300229,拓尔思,SZ
2026-01-08,sz.300229,20.21,21.0,20.02,20.48,41739331,300229,拓尔思,SZ
2026-01-09,sz.300229,20.38,22.12,20.36,22.03,88360315,300229,拓尔思,SZ
2026-01-12,sz.300229,23.01,26.44,22.81,26.44,176986504,300229,拓尔思,SZ
2026-01-13,sz.300229,28.67,29.88,26.5,26.8,248741376,300229,拓尔思,SZ
2026-01-14,sz.300229,26.23,31.0,26.23,30.88,254922305,300229,拓尔思,SZ
2026-01-15,sz.300229,28.79,29.0,26.44,27.06,167608923,300229,拓尔思,SZ
2026-01-16,sz.300229,26.7,27.13,24.9,25.14,132652637,300229,拓尔思,SZ
2026-01-19,sz.300229,24.89,25.18,24.39,24.53,68416997,300229,拓尔思,SZ
2026-01-20,sz.300229,24.93,25.06,23.8,23.93,67160959,300229,拓尔思,SZ
2026-01-21,sz.300229,23.42,24.39,23.42,23.7,46373232,300229,拓尔思,SZ
2026-01-22,sz.300229,23.85,24.33,23.54,23.98,48770806,300229,拓尔思,SZ
2026-01-23,sz.300229,24.01,24.87,23.72,24.56,69042419,300229,拓尔思,SZ
2026-01-26,sz.300229,24.82,25.15,23.31,23.83,67869260,300229,拓尔思,SZ
2026-01-27,sz.300229,23.97,24.74,23.16,24.28,73705215,300229,拓尔思,SZ
2026-01-28,sz.300229,24.31,24.45,23.2,23.28,63755213,300229,拓尔思,SZ
2026-01-29,sz.300229,22.98,25.34,22.89,23.9,109513976,300229,拓尔思,SZ
2026-01-30,sz.300229,23.71,23.81,22.7,22.91,53550897,300229,拓尔思,SZ
2026-02-02,sz.300229,23.34,23.49,22.45,22.46,42004553,300229,拓尔思,SZ
2026-02-03,sz.300229,22.8,23.3,22.61,23.3,41416265,300229,拓尔思,SZ
2026-02-04,sz.300229,23.0,23.42,22.3,22.87,44038464,300229,拓尔思,SZ
2026-02-05,sz.300229,22.47,22.78,22.23,22.28,27197202,300229,拓尔思,SZ
2026-02-06,sz.300229,22.09,22.39,21.62,21.8,31822179,300229,拓尔思,SZ
2026-02-09,sz.300229,22.33,23.35,22.33,23.12,49814288,300229,拓尔思,SZ
2026-02-10,sz.300229,23.36,24.26,23.13,23.87,71090285,300229,拓尔思,SZ
2026-02-11,sz.300229,23.99,24.17,23.4,23.5,44988674,300229,拓尔思,SZ
2026-02-12,sz.300229,23.75,24.39,23.49,24.12,62769011,300229,拓尔思,SZ
2026-02-13,sz.300229,23.93,24.64,23.68,23.7,52141975,300229,拓尔思,SZ
2026-02-24,sz.300229,23.78,23.78,22.2,22.41,54470980,300229,拓尔思,SZ
2026-02-25,sz.300229,22.59,23.04,22.27,22.71,40281514,300229,拓尔思,SZ
2026-02-26,sz.300229,22.55,22.73,22.2,22.39,30912501,300229,拓尔思,SZ
2026-02-27,sz.300229,22.32,23.66,22.2,23.15,54285688,300229,拓尔思,SZ
2026-03-02,sz.300229,24.0,24.98,23.31,23.39,97036774,300229,拓尔思,SZ
2026-03-03,sz.300229,23.86,23.99,21.04,21.17,74205451,300229,拓尔思,SZ
2026-03-04,sz.300229,20.76,21.36,20.53,20.76,38685927,300229,拓尔思,SZ
2026-03-05,sz.300229,21.3,21.4,20.44,20.74,37118308,300229,拓尔思,SZ
2026-03-06,sz.300229,20.5,20.97,20.48,20.75,27690265,300229,拓尔思,SZ
2026-03-09,sz.300229,20.3,21.58,19.99,21.42,52481381,300229,拓尔思,SZ
2026-03-10,sz.300229,21.68,22.66,21.09,21.55,59116860,300229,拓尔思,SZ
2026-03-11,sz.300229,21.59,21.77,21.01,21.05,32623086,300229,拓尔思,SZ
2026-03-12,sz.300229,21.02,21.49,20.76,20.78,29750104,300229,拓尔思,SZ
2026-03-13,sz.300229,20.69,20.72,19.76,19.8,38389544,300229,拓尔思,SZ
2026-03-16,sz.300229,19.87,19.99,19.54,19.96,20214371,300229,拓尔思,SZ
2026-03-17,sz.300229,20.0,20.06,19.31,19.32,21475313,300229,拓尔思,SZ
2026-03-18,sz.300229,19.45,19.97,19.31,19.91,22677199,300229,拓尔思,SZ
2026-03-19,sz.300229,19.51,19.8,19.41,19.64,18846363,300229,拓尔思,SZ
2026-03-20,sz.300229,19.69,19.72,18.68,18.68,28627875,300229,拓尔思,SZ
2026-03-23,sz.300229,18.4,18.5,17.43,17.61,30313524,300229,拓尔思,SZ
2026-03-24,sz.300229,17.97,18.15,17.51,18.09,22386173,300229,拓尔思,SZ
2026-03-25,sz.300229,18.16,18.75,18.1,18.43,26902130,300229,拓尔思,SZ
2026-03-26,sz.300229,18.36,18.42,17.74,17.83,20533612,300229,拓尔思,SZ
2026-03-27,sz.300229,17.56,18.18,17.5,18.04,14696010,300229,拓尔思,SZ
2026-03-30,sz.300229,17.67,18.07,17.51,18.06,14723082,300229,拓尔思,SZ
2026-03-31,sz.300229,18.04,18.4,17.83,17.86,15610739,300229,拓尔思,SZ
2026-04-01,sz.300229,18.3,18.36,18.02,18.23,15363229,300229,拓尔思,SZ
2026-04-02,sz.300229,18.1,18.15,17.45,17.56,17550409,300229,拓尔思,SZ
2026-04-03,sz.300229,17.75,17.79,17.11,17.11,12764608,300229,拓尔思,SZ
